geography_key;Codigo Departamento UDS;Departamento UDS;Codigo Municipio UDS;Municipio UDS;Codigo CentroZonal UDS;Centro Zonal UDS
1;5;ANTIOQUIA;5001;MEDELLIN;501;CZ INTEGRAL NORORIENTAL
2;44;LA GUAJIRA;44650;SAN JUAN DEL CESAR;4403;CZ FONSECA
3;19;CAUCA;19300;GUACHENE;1905;CZ NORTE
4;44;LA GUAJIRA;44001;RIOHACHA;4401;CZ RIOHACHA 1
5;23;CÓRDOBA;23466;MONTELIBANO;2305;CZ MONTELIBANO
6;44;LA GUAJIRA;44560;MANAURE;4404;CZ MANAURE
7;13;BOLÍVAR;13001;CARTAGENA DE INDIAS;1302;CZ DE LA VIRGEN Y TURISTICO
8;25;CUNDINAMARCA;25293;GACHALA;2509;CZ GACHETA
9;19;CAUCA;19397;LA VEGA;1906;CZ MACIZO COLOMBIANO
10;41;HUILA;41001;NEIVA;4105;CZ LA GAITANA
11;52;NARIÑO;52540;POLICARPA;5208;CZ REMOLINO
12;18;CAQUETÁ;18001;FLORENCIA;1801;CZ FLORENCIA 1
13;44;LA GUAJIRA;44430;MAICAO;4405;CZ MAICAO
14;17;CALDAS;17088;BELALCAZAR;1709;CZ DEL CAFE
15;5;ANTIOQUIA;5411;LIBORINA;510;CZ OCCIDENTE
16;11;BOGOTA D.C.;11001;BOGOTA, D.C.;1114;CZ SUBA
17;27;CHOCÓ;27001;QUIBDO;2701;CZ QUIBDO
18;52;NARIÑO;52835;SAN ANDRES DE TUMACO;5203;CZ TUMACO
19;13;BOLÍVAR;13433;MAHATES;1304;CZ TURBACO
20;76;VALLE DEL CAUCA;76001;CALI;7603;CZ LADERA
21;8;ATLÁNTICO;8001;BARRANQUILLA;802;CZ SUROCCIDENTE
22;15;BOYACÁ;15176;CHIQUINQUIRA;1505;CZ CHIQUINQUIRA
23;41;HUILA;41799;TELLO;4105;CZ LA GAITANA
24;44;LA GUAJIRA;44847;URIBIA;4409;CZ ICHITKI WAYUUWAAPULE
25;70;SUCRE;70823;TOLU VIEJO;7002;CZ NORTE
26;27;CHOCÓ;27135;EL CANTON DEL SAN PABLO;2705;CZ TADO
27;54;NORTE DE SANTANDER;54498;OCAÑA;5404;CZ OCAÑA
28;15;BOYACÁ;15442;MARIPI;1505;CZ CHIQUINQUIRA
29;70;SUCRE;70771;SUCRE;7004;CZ LA MOJANA
30;5;ANTIOQUIA;5120;CACERES;507;CZ BAJO CAUCA
31;63;QUINDIO;63190;CIRCASIA;6301;CZ ARMENIA SUR
32;86;PUTUMAYO;86001;MOCOA;8601;CZ MOCOA
33;68;SANTANDER;68077;BARBOSA;6809;CZ VELEZ
34;52;NARIÑO;52520;FRANCISCO PIZARRO;5203;CZ TUMACO
35;27;CHOCÓ;27077;BAJO BAUDO;2712;CZ BAUDÓ
36;47;MAGDALENA;47288;FUNDACION;4705;CZ FUNDACIÓN
37;5;ANTIOQUIA;5209;CONCORDIA;515;CZ PENDERISCO
38;5;ANTIOQUIA;5001;MEDELLIN;502;CZ INTEGRAL NOROCCIDENTAL
39;5;ANTIOQUIA;5001;MEDELLIN;504;CZ SUR ORIENTE
40;5;ANTIOQUIA;5001;MEDELLIN;536;CZ ROSALES
41;5;ANTIOQUIA;5002;ABEJORRAL;512;CZ ORIENTE
42;5;ANTIOQUIA;5004;ABRIAQUI;511;CZ OCCIDENTE MEDIO
43;5;ANTIOQUIA;5021;ALEJANDRIA;512;CZ ORIENTE
44;5;ANTIOQUIA;5030;AMAGA;506;CZ ABURRA SUR
45;5;ANTIOQUIA;5031;AMALFI;513;CZ PORCE NUS
46;5;ANTIOQUIA;5034;ANDES;514;CZ SUROESTE
47;5;ANTIOQUIA;5036;ANGELOPOLIS;506;CZ ABURRA SUR
48;5;ANTIOQUIA;5038;ANGOSTURA;508;CZ LA MESETA
49;5;ANTIOQUIA;5040;ANORI;513;CZ PORCE NUS
50;5;ANTIOQUIA;5042;SANTA FE DE ANTIOQUIA;510;CZ OCCIDENTE
51;5;ANTIOQUIA;5044;ANZA;510;CZ OCCIDENTE
52;5;ANTIOQUIA;5045;APARTADO;516;CZ URABA
53;5;ANTIOQUIA;5051;ARBOLETES;516;CZ URABA
54;5;ANTIOQUIA;5055;ARGELIA;512;CZ ORIENTE
55;5;ANTIOQUIA;5059;ARMENIA;506;CZ ABURRA SUR
56;5;ANTIOQUIA;5079;BARBOSA;505;CZ ABURRA NORTE
57;5;ANTIOQUIA;5086;BELMIRA;505;CZ ABURRA NORTE
58;5;ANTIOQUIA;5088;BELLO;505;CZ ABURRA NORTE
59;11;BOGOTA D.C.;11001;BOGOTA, D.C.;1108;CZ BOSA
60;5;ANTIOQUIA;5091;BETANIA;514;CZ SUROESTE
61;5;ANTIOQUIA;5093;BETULIA;515;CZ PENDERISCO
62;5;ANTIOQUIA;5101;CIUDAD BOLIVAR;514;CZ SUROESTE
63;5;ANTIOQUIA;5107;BRICEÑO;508;CZ LA MESETA
64;5;ANTIOQUIA;5113;BURITICA;510;CZ OCCIDENTE
65;5;ANTIOQUIA;5125;CAICEDO;515;CZ PENDERISCO
66;5;ANTIOQUIA;5129;CALDAS;506;CZ ABURRA SUR
67;5;ANTIOQUIA;5134;CAMPAMENTO;508;CZ LA MESETA
68;5;ANTIOQUIA;5138;CAÑASGORDAS;511;CZ OCCIDENTE MEDIO
69;5;ANTIOQUIA;5142;CARACOLI;509;CZ MAGDALENA MEDIO
70;5;ANTIOQUIA;5145;CARAMANTA;514;CZ SUROESTE
71;5;ANTIOQUIA;5147;CAREPA;516;CZ URABA
72;5;ANTIOQUIA;5148;EL CARMEN DE VIBORAL;512;CZ ORIENTE
73;52;NARIÑO;52435;MALLAMA;5205;CZ TUQUERRES
74;5;ANTIOQUIA;5150;CAROLINA;508;CZ LA MESETA
75;5;ANTIOQUIA;5154;CAUCASIA;507;CZ BAJO CAUCA
76;5;ANTIOQUIA;5172;CHIGORODO;516;CZ URABA
77;5;ANTIOQUIA;5190;CISNEROS;513;CZ PORCE NUS
78;5;ANTIOQUIA;5197;COCORNA;517;CZ ORIENTE MEDIO
79;5;ANTIOQUIA;5206;CONCEPCION;512;CZ ORIENTE
80;5;ANTIOQUIA;5212;COPACABANA;505;CZ ABURRA NORTE
81;54;NORTE DE SANTANDER;54405;LOS PATIOS;5401;CZ CUCUTA 1
82;5;ANTIOQUIA;5234;DABEIBA;511;CZ OCCIDENTE MEDIO
83;5;ANTIOQUIA;5237;DONMATIAS;505;CZ ABURRA NORTE
84;5;ANTIOQUIA;5240;EBEJICO;510;CZ OCCIDENTE
85;47;MAGDALENA;47745;SITIONUEVO;4704;CZ CIENAGA
86;20;CESAR;20295;GAMARRA;2004;CZ AGUACHICA
87;5;ANTIOQUIA;5250;EL BAGRE;507;CZ BAJO CAUCA
88;17;CALDAS;17877;VITERBO;1703;CZ OCCIDENTE
89;54;NORTE DE SANTANDER;54518;PAMPLONA;5405;CZ PAMPLONA
90;5;ANTIOQUIA;5264;ENTRERRIOS;505;CZ ABURRA NORTE
91;5;ANTIOQUIA;5266;ENVIGADO;506;CZ ABURRA SUR
92;5;ANTIOQUIA;5282;FREDONIA;506;CZ ABURRA SUR
93;76;VALLE DEL CAUCA;76834;TULUA;7610;CZ TULUA
94;5;ANTIOQUIA;5284;FRONTINO;511;CZ OCCIDENTE MEDIO
95;5;ANTIOQUIA;5306;GIRALDO;510;CZ OCCIDENTE
96;5;ANTIOQUIA;5308;GIRARDOTA;505;CZ ABURRA NORTE
97;5;ANTIOQUIA;5310;GOMEZ PLATA;508;CZ LA MESETA
98;5;ANTIOQUIA;5313;GRANADA;517;CZ ORIENTE MEDIO
99;5;ANTIOQUIA;5315;GUADALUPE;508;CZ LA MESETA
100;5;ANTIOQUIA;5318;GUARNE;512;CZ ORIENTE
101;5;ANTIOQUIA;5321;GUATAPE;512;CZ ORIENTE
102;5;ANTIOQUIA;5347;HELICONIA;506;CZ ABURRA SUR
103;5;ANTIOQUIA;5353;HISPANIA;514;CZ SUROESTE
104;5;ANTIOQUIA;5360;ITAGUI;506;CZ ABURRA SUR
105;27;CHOCÓ;27150;CARMEN DEL DARIEN;2704;CZ RIOSUCIO
106;5;ANTIOQUIA;5361;ITUANGO;508;CZ LA MESETA
107;5;ANTIOQUIA;5364;JARDIN;514;CZ SUROESTE
108;5;ANTIOQUIA;5368;JERICO;514;CZ SUROESTE
109;5;ANTIOQUIA;5376;LA CEJA;512;CZ ORIENTE
110;5;ANTIOQUIA;5380;LA ESTRELLA;506;CZ ABURRA SUR
111;5;ANTIOQUIA;5390;LA PINTADA;506;CZ ABURRA SUR
112;5;ANTIOQUIA;5400;LA UNION;512;CZ ORIENTE
113;5;ANTIOQUIA;5425;MACEO;509;CZ MAGDALENA MEDIO
114;5;ANTIOQUIA;5440;MARINILLA;512;CZ ORIENTE
115;5;ANTIOQUIA;5467;MONTEBELLO;506;CZ ABURRA SUR
116;5;ANTIOQUIA;5475;MURINDO;516;CZ URABA
117;5;ANTIOQUIA;5480;MUTATA;516;CZ URABA
118;5;ANTIOQUIA;5483;NARIÑO;512;CZ ORIENTE
119;5;ANTIOQUIA;5490;NECOCLI;516;CZ URABA
120;5;ANTIOQUIA;5495;NECHI;507;CZ BAJO CAUCA
121;5;ANTIOQUIA;5501;OLAYA;510;CZ OCCIDENTE
122;5;ANTIOQUIA;5541;PEÑOL;512;CZ ORIENTE
123;5;ANTIOQUIA;5543;PEQUE;511;CZ OCCIDENTE MEDIO
124;5;ANTIOQUIA;5576;PUEBLORRICO;514;CZ SUROESTE
125;5;ANTIOQUIA;5579;PUERTO BERRIO;509;CZ MAGDALENA MEDIO
126;5;ANTIOQUIA;5585;PUERTO NARE;509;CZ MAGDALENA MEDIO
127;5;ANTIOQUIA;5591;PUERTO TRIUNFO;509;CZ MAGDALENA MEDIO
128;5;ANTIOQUIA;5604;REMEDIOS;513;CZ PORCE NUS
129;5;ANTIOQUIA;5607;RETIRO;512;CZ ORIENTE
130;5;ANTIOQUIA;5615;RIONEGRO;512;CZ ORIENTE
131;5;ANTIOQUIA;5628;SABANALARGA;510;CZ OCCIDENTE
132;5;ANTIOQUIA;5631;SABANETA;506;CZ ABURRA SUR
133;5;ANTIOQUIA;5642;SALGAR;514;CZ SUROESTE
134;5;ANTIOQUIA;5647;SAN ANDRES;508;CZ LA MESETA
135;5;ANTIOQUIA;5649;SAN CARLOS;517;CZ ORIENTE MEDIO
136;5;ANTIOQUIA;5652;SAN FRANCISCO;517;CZ ORIENTE MEDIO
137;5;ANTIOQUIA;5656;SAN JERONIMO;510;CZ OCCIDENTE
138;5;ANTIOQUIA;5658;SAN JOSE DE LA MONTAÑA;508;CZ LA MESETA
139;5;ANTIOQUIA;5659;SAN JUAN DE URABA;516;CZ URABA
140;5;ANTIOQUIA;5660;SAN LUIS;517;CZ ORIENTE MEDIO
141;5;ANTIOQUIA;5664;SAN PEDRO;505;CZ ABURRA NORTE
142;5;ANTIOQUIA;5665;SAN PEDRO DE URABA;516;CZ URABA
143;5;ANTIOQUIA;5667;SAN RAFAEL;517;CZ ORIENTE MEDIO
144;5;ANTIOQUIA;5670;SAN ROQUE;513;CZ PORCE NUS
145;5;ANTIOQUIA;5674;SAN VICENTE FERRER;512;CZ ORIENTE
146;5;ANTIOQUIA;5679;SANTA BARBARA;506;CZ ABURRA SUR
147;5;ANTIOQUIA;5686;SANTA ROSA DE OSOS;508;CZ LA MESETA
148;5;ANTIOQUIA;5690;SANTO DOMINGO;513;CZ PORCE NUS
149;5;ANTIOQUIA;5697;EL SANTUARIO;517;CZ ORIENTE MEDIO
150;5;ANTIOQUIA;5736;SEGOVIA;513;CZ PORCE NUS
151;5;ANTIOQUIA;5756;SONSON;512;CZ ORIENTE
152;5;ANTIOQUIA;5761;SOPETRAN;510;CZ OCCIDENTE
153;5;ANTIOQUIA;5789;TAMESIS;514;CZ SUROESTE
154;5;ANTIOQUIA;5790;TARAZA;507;CZ BAJO CAUCA
155;5;ANTIOQUIA;5792;TARSO;514;CZ SUROESTE
156;5;ANTIOQUIA;5809;TITIRIBI;506;CZ ABURRA SUR
157;5;ANTIOQUIA;5819;TOLEDO;508;CZ LA MESETA
158;5;ANTIOQUIA;5837;TURBO;516;CZ URABA
159;5;ANTIOQUIA;5842;URAMITA;511;CZ OCCIDENTE MEDIO
160;5;ANTIOQUIA;5847;URRAO;515;CZ PENDERISCO
161;5;ANTIOQUIA;5854;VALDIVIA;508;CZ LA MESETA
162;5;ANTIOQUIA;5856;VALPARAISO;514;CZ SUROESTE
163;5;ANTIOQUIA;5858;VEGACHI;513;CZ PORCE NUS
164;5;ANTIOQUIA;5861;VENECIA;506;CZ ABURRA SUR
165;5;ANTIOQUIA;5873;VIGIA DEL FUERTE;516;CZ URABA
166;5;ANTIOQUIA;5885;YALI;513;CZ PORCE NUS
167;5;ANTIOQUIA;5887;YARUMAL;508;CZ LA MESETA
168;5;ANTIOQUIA;5890;YOLOMBO;513;CZ PORCE NUS
169;5;ANTIOQUIA;5893;YONDO;509;CZ MAGDALENA MEDIO
170;5;ANTIOQUIA;5895;ZARAGOZA;507;CZ BAJO CAUCA
171;8;ATLÁNTICO;8001;BARRANQUILLA;801;CZ NORTE CENTRO HISTORICO
172;8;ATLÁNTICO;8001;BARRANQUILLA;807;CZ SURORIENTE
173;8;ATLÁNTICO;8078;BARANOA;803;CZ BARANOA
174;8;ATLÁNTICO;8137;CAMPO DE LA CRUZ;805;CZ SABANAGRANDE
175;8;ATLÁNTICO;8141;CANDELARIA;804;CZ SABANALARGA
176;8;ATLÁNTICO;8296;GALAPA;803;CZ BARANOA
177;8;ATLÁNTICO;8372;JUAN DE ACOSTA;803;CZ BARANOA
178;8;ATLÁNTICO;8421;LURUACO;804;CZ SABANALARGA
179;8;ATLÁNTICO;8433;MALAMBO;806;CZ HIPODROMO
180;8;ATLÁNTICO;8436;MANATI;804;CZ SABANALARGA
181;8;ATLÁNTICO;8520;PALMAR DE VARELA;805;CZ SABANAGRANDE
182;8;ATLÁNTICO;8549;PIOJO;803;CZ BARANOA
183;8;ATLÁNTICO;8558;POLONUEVO;803;CZ BARANOA
184;8;ATLÁNTICO;8560;PONEDERA;805;CZ SABANAGRANDE
185;8;ATLÁNTICO;8573;PUERTO COLOMBIA;801;CZ NORTE CENTRO HISTORICO
186;8;ATLÁNTICO;8606;REPELON;804;CZ SABANALARGA
187;15;BOYACÁ;15180;CHISCAS;1509;CZ EL COCUY
188;8;ATLÁNTICO;8634;SABANAGRANDE;805;CZ SABANAGRANDE
189;8;ATLÁNTICO;8638;SABANALARGA;804;CZ SABANALARGA
190;8;ATLÁNTICO;8675;SANTA LUCIA;805;CZ SABANAGRANDE
191;8;ATLÁNTICO;8685;SANTO TOMAS;805;CZ SABANAGRANDE
192;8;ATLÁNTICO;8758;SOLEDAD;806;CZ HIPODROMO
193;8;ATLÁNTICO;8770;SUAN;805;CZ SABANAGRANDE
194;8;ATLÁNTICO;8832;TUBARA;803;CZ BARANOA
195;8;ATLÁNTICO;8849;USIACURI;803;CZ BARANOA
196;11;BOGOTA D.C.;11001;BOGOTA, D.C.;1101;CZ CIUDAD BOLIVAR
197;11;BOGOTA D.C.;11001;BOGOTA, D.C.;1102;CZ TUNJUELITO
198;11;BOGOTA D.C.;11001;BOGOTA, D.C.;1103;CZ USME
199;11;BOGOTA D.C.;11001;BOGOTA, D.C.;1104;CZ SAN CRISTOBAL SUR
200;11;BOGOTA D.C.;11001;BOGOTA, D.C.;1105;CZ KENNEDY
201;11;BOGOTA D.C.;11001;BOGOTA, D.C.;1109;CZ RAFAEL URIBE
202;11;BOGOTA D.C.;11001;BOGOTA, D.C.;1110;CZ SANTA FE
203;11;BOGOTA D.C.;11001;BOGOTA, D.C.;1111;CZ FONTIBON
204;11;BOGOTA D.C.;11001;BOGOTA, D.C.;1112;CZ BARRIOS UNIDOS
205;11;BOGOTA D.C.;11001;BOGOTA, D.C.;1113;CZ ENGATIVA
206;11;BOGOTA D.C.;11001;BOGOTA, D.C.;1115;CZ USAQUEN
207;11;BOGOTA D.C.;11001;BOGOTA, D.C.;1116;CZ MARTIRES
208;11;BOGOTA D.C.;11001;BOGOTA, D.C.;1131;CZ KENNEDY CENTRAL
209;13;BOLÍVAR;13001;CARTAGENA DE INDIAS;1301;CZ HISTORICO Y DEL CARIBE NORTE
210;13;BOLÍVAR;13001;CARTAGENA DE INDIAS;1303;CZ INDUSTRIAL DE LA BAHIA
211;13;BOLÍVAR;13006;ACHI;1306;CZ MAGANGUE
212;13;BOLÍVAR;13030;ALTOS DEL ROSARIO;1307;CZ MOMPOX
213;13;BOLÍVAR;13042;ARENAL;1308;CZ SIMITI
214;13;BOLÍVAR;13052;ARJONA;1304;CZ TURBACO
215;13;BOLÍVAR;13062;ARROYOHONDO;1304;CZ TURBACO
216;13;BOLÍVAR;13074;BARRANCO DE LOBA;1307;CZ MOMPOX
217;13;BOLÍVAR;13140;CALAMAR;1304;CZ TURBACO
218;13;BOLÍVAR;13160;CANTAGALLO;1308;CZ SIMITI
219;13;BOLÍVAR;13188;CICUCO;1307;CZ MOMPOX
220;13;BOLÍVAR;13212;CORDOBA;1305;CZ EL CARMEN DE BOLIVAR
221;13;BOLÍVAR;13222;CLEMENCIA;1302;CZ DE LA VIRGEN Y TURISTICO
222;13;BOLÍVAR;13244;EL CARMEN DE BOLIVAR;1305;CZ EL CARMEN DE BOLIVAR
223;13;BOLÍVAR;13248;EL GUAMO;1305;CZ EL CARMEN DE BOLIVAR
224;13;BOLÍVAR;13268;EL PEÑON;1307;CZ MOMPOX
225;13;BOLÍVAR;13300;HATILLO DE LOBA;1307;CZ MOMPOX
226;13;BOLÍVAR;13430;MAGANGUE;1306;CZ MAGANGUE
227;13;BOLÍVAR;13440;MARGARITA;1307;CZ MOMPOX
228;13;BOLÍVAR;13442;MARIA LA BAJA;1304;CZ TURBACO
229;13;BOLÍVAR;13458;MONTECRISTO;1306;CZ MAGANGUE
230;13;BOLÍVAR;13468;MOMPOS;1307;CZ MOMPOX
231;13;BOLÍVAR;13473;MORALES;1308;CZ SIMITI
232;13;BOLÍVAR;13490;NOROSI;1308;CZ SIMITI
233;13;BOLÍVAR;13549;PINILLOS;1306;CZ MAGANGUE
234;13;BOLÍVAR;13580;REGIDOR;1308;CZ SIMITI
235;13;BOLÍVAR;13600;RIO VIEJO;1308;CZ SIMITI
236;13;BOLÍVAR;13620;SAN CRISTOBAL;1303;CZ INDUSTRIAL DE LA BAHIA
237;13;BOLÍVAR;13647;SAN ESTANISLAO;1303;CZ INDUSTRIAL DE LA BAHIA
238;13;BOLÍVAR;13650;SAN FERNANDO;1307;CZ MOMPOX
239;13;BOLÍVAR;13654;SAN JACINTO;1305;CZ EL CARMEN DE BOLIVAR
240;13;BOLÍVAR;13655;SAN JACINTO DEL CAUCA;1306;CZ MAGANGUE
241;13;BOLÍVAR;13657;SAN JUAN NEPOMUCENO;1305;CZ EL CARMEN DE BOLIVAR
242;68;SANTANDER;68344;HATO;6808;CZ SOCORRO
243;86;PUTUMAYO;86568;PUERTO ASIS;8603;CZ PUERTO ASIS
244;13;BOLÍVAR;13667;SAN MARTIN DE LOBA;1307;CZ MOMPOX
245;19;CAUCA;19110;BUENOS AIRES;1905;CZ NORTE
246;13;BOLÍVAR;13670;SAN PABLO;1308;CZ SIMITI
247;27;CHOCÓ;27073;BAGADO;2705;CZ TADO
248;13;BOLÍVAR;13673;SANTA CATALINA;1302;CZ DE LA VIRGEN Y TURISTICO
249;25;CUNDINAMARCA;25372;JUNIN;2509;CZ GACHETA
250;13;BOLÍVAR;13683;SANTA ROSA;1303;CZ INDUSTRIAL DE LA BAHIA
251;19;CAUCA;19824;TOTORO;1903;CZ INDIGENA
252;13;BOLÍVAR;13688;SANTA ROSA DEL SUR;1308;CZ SIMITI
253;47;MAGDALENA;47545;PIJIÑO DEL CARMEN;4708;CZ SANTA ANA
254;13;BOLÍVAR;13744;SIMITI;1308;CZ SIMITI
255;13;BOLÍVAR;13760;SOPLAVIENTO;1303;CZ INDUSTRIAL DE LA BAHIA
256;13;BOLÍVAR;13780;TALAIGUA NUEVO;1307;CZ MOMPOX
257;13;BOLÍVAR;13810;TIQUISIO;1306;CZ MAGANGUE
258;13;BOLÍVAR;13836;TURBACO;1304;CZ TURBACO
259;13;BOLÍVAR;13838;TURBANA;1304;CZ TURBACO
260;13;BOLÍVAR;13873;VILLANUEVA;1303;CZ INDUSTRIAL DE LA BAHIA
261;13;BOLÍVAR;13894;ZAMBRANO;1305;CZ EL CARMEN DE BOLIVAR
262;15;BOYACÁ;15001;TUNJA;1501;CZ TUNJA 1
263;15;BOYACÁ;15022;ALMEIDA;1506;CZ GARAGOA
264;15;BOYACÁ;15047;AQUITANIA;1503;CZ SOGAMOSO
265;15;BOYACÁ;15051;ARCABUCO;1511;CZ MONIQUIRA
266;15;BOYACÁ;15087;BELEN;1504;CZ DUITAMA
267;15;BOYACÁ;15090;BERBEO;1510;CZ MIRAFLORES
268;15;BOYACÁ;15092;BETEITIVA;1504;CZ DUITAMA
269;15;BOYACÁ;15097;BOAVITA;1508;CZ SOATA
270;15;BOYACÁ;15104;BOYACA;1501;CZ TUNJA 1
271;15;BOYACÁ;15106;BRICEÑO;1512;CZ OTANCHE
272;15;BOYACÁ;15109;BUENAVISTA;1505;CZ CHIQUINQUIRA
273;15;BOYACÁ;15114;BUSBANZA;1504;CZ DUITAMA
274;15;BOYACÁ;15131;CALDAS;1505;CZ CHIQUINQUIRA
275;15;BOYACÁ;15135;CAMPOHERMOSO;1510;CZ MIRAFLORES
276;15;BOYACÁ;15162;CERINZA;1504;CZ DUITAMA
277;15;BOYACÁ;15172;CHINAVITA;1506;CZ GARAGOA
278;50;META;50251;EL CASTILLO;5004;CZ ACACIAS
279;47;MAGDALENA;47460;NUEVA GRANADA;4706;CZ PLATO
280;15;BOYACÁ;15183;CHITA;1508;CZ SOATA
281;15;BOYACÁ;15185;CHITARAQUE;1511;CZ MONIQUIRA
282;15;BOYACÁ;15187;CHIVATA;1501;CZ TUNJA 1
283;15;BOYACÁ;15189;CIENEGA;1501;CZ TUNJA 1
284;15;BOYACÁ;15204;COMBITA;1501;CZ TUNJA 1
285;15;BOYACÁ;15212;COPER;1505;CZ CHIQUINQUIRA
286;15;BOYACÁ;15215;CORRALES;1504;CZ DUITAMA
287;15;BOYACÁ;15218;COVARACHIA;1508;CZ SOATA
288;15;BOYACÁ;15223;CUBARA;8102;CZ SARAVENA
289;15;BOYACÁ;15224;CUCAITA;1501;CZ TUNJA 1
290;15;BOYACÁ;15226;CUITIVA;1503;CZ SOGAMOSO
291;15;BOYACÁ;15232;CHIQUIZA;1501;CZ TUNJA 1
292;15;BOYACÁ;15236;CHIVOR;1506;CZ GARAGOA
293;15;BOYACÁ;15238;DUITAMA;1504;CZ DUITAMA
294;25;CUNDINAMARCA;25290;FUSAGASUGA;2507;CZ FUSAGASUGA
295;15;BOYACÁ;15244;EL COCUY;1509;CZ EL COCUY
296;15;BOYACÁ;15248;EL ESPINO;1509;CZ EL COCUY
297;15;BOYACÁ;15272;FIRAVITOBA;1503;CZ SOGAMOSO
298;15;BOYACÁ;15276;FLORESTA;1504;CZ DUITAMA
299;15;BOYACÁ;15293;GACHANTIVA;1511;CZ MONIQUIRA
300;15;BOYACÁ;15296;GAMEZA;1503;CZ SOGAMOSO
301;15;BOYACÁ;15299;GARAGOA;1506;CZ GARAGOA
302;15;BOYACÁ;15317;GUACAMAYAS;1509;CZ EL COCUY
303;15;BOYACÁ;15322;GUATEQUE;1506;CZ GARAGOA
304;15;BOYACÁ;15325;GUAYATA;1506;CZ GARAGOA
305;15;BOYACÁ;15332;GÜICAN DE LA SIERRA;1509;CZ EL COCUY
306;15;BOYACÁ;15362;IZA;1503;CZ SOGAMOSO
307;15;BOYACÁ;15367;JENESANO;1501;CZ TUNJA 1
308;15;BOYACÁ;15368;JERICO;1504;CZ DUITAMA
309;15;BOYACÁ;15377;LABRANZAGRANDE;1503;CZ SOGAMOSO
310;15;BOYACÁ;15380;LA CAPILLA;1506;CZ GARAGOA
311;15;BOYACÁ;15401;LA VICTORIA;1505;CZ CHIQUINQUIRA
312;15;BOYACÁ;15403;LA UVITA;1508;CZ SOATA
313;15;BOYACÁ;15407;VILLA DE LEYVA;1501;CZ TUNJA 1
314;15;BOYACÁ;15425;MACANAL;1506;CZ GARAGOA
315;15;BOYACÁ;15455;MIRAFLORES;1510;CZ MIRAFLORES
316;15;BOYACÁ;15464;MONGUA;1503;CZ SOGAMOSO
317;15;BOYACÁ;15466;MONGUI;1503;CZ SOGAMOSO
318;15;BOYACÁ;15469;MONIQUIRA;1511;CZ MONIQUIRA
319;15;BOYACÁ;15476;MOTAVITA;1501;CZ TUNJA 1
320;15;BOYACÁ;15480;MUZO;1505;CZ CHIQUINQUIRA
321;15;BOYACÁ;15491;NOBSA;1504;CZ DUITAMA
322;15;BOYACÁ;15494;NUEVO COLON;1501;CZ TUNJA 1
323;15;BOYACÁ;15500;OICATA;1501;CZ TUNJA 1
324;15;BOYACÁ;15507;OTANCHE;1512;CZ OTANCHE
325;15;BOYACÁ;15511;PACHAVITA;1506;CZ GARAGOA
326;15;BOYACÁ;15514;PAEZ;1510;CZ MIRAFLORES
327;15;BOYACÁ;15516;PAIPA;1504;CZ DUITAMA
328;15;BOYACÁ;15518;PAJARITO;1503;CZ SOGAMOSO
329;15;BOYACÁ;15522;PANQUEBA;1509;CZ EL COCUY
330;15;BOYACÁ;15531;PAUNA;1512;CZ OTANCHE
331;15;BOYACÁ;15533;PAYA;1503;CZ SOGAMOSO
332;15;BOYACÁ;15537;PAZ DE RIO;1504;CZ DUITAMA
333;15;BOYACÁ;15542;PESCA;1503;CZ SOGAMOSO
334;15;BOYACÁ;15550;PISBA;1503;CZ SOGAMOSO
335;15;BOYACÁ;15572;PUERTO BOYACA;1507;CZ PUERTO BOYACA
336;15;BOYACÁ;15580;QUIPAMA;1505;CZ CHIQUINQUIRA
337;15;BOYACÁ;15599;RAMIRIQUI;1501;CZ TUNJA 1
338;15;BOYACÁ;15600;RAQUIRA;1505;CZ CHIQUINQUIRA
339;15;BOYACÁ;15621;RONDON;1501;CZ TUNJA 1
340;15;BOYACÁ;15632;SABOYA;1505;CZ CHIQUINQUIRA
341;15;BOYACÁ;15638;SACHICA;1501;CZ TUNJA 1
342;15;BOYACÁ;15646;SAMACA;1501;CZ TUNJA 1
343;15;BOYACÁ;15660;SAN EDUARDO;1510;CZ MIRAFLORES
344;15;BOYACÁ;15664;SAN JOSE DE PARE;1511;CZ MONIQUIRA
345;15;BOYACÁ;15667;SAN LUIS DE GACENO;1506;CZ GARAGOA
346;20;CESAR;20011;AGUACHICA;2004;CZ AGUACHICA
347;15;BOYACÁ;15673;SAN MATEO;1509;CZ EL COCUY
348;27;CHOCÓ;27006;ACANDI;2704;CZ RIOSUCIO
349;15;BOYACÁ;15676;SAN MIGUEL DE SEMA;1505;CZ CHIQUINQUIRA
350;15;BOYACÁ;15681;SAN PABLO DE BORBUR;1512;CZ OTANCHE
351;15;BOYACÁ;15686;SANTANA;1511;CZ MONIQUIRA
352;15;BOYACÁ;15690;SANTA MARIA;1506;CZ GARAGOA
353;15;BOYACÁ;15693;SANTA ROSA DE VITERBO;1504;CZ DUITAMA
354;15;BOYACÁ;15696;SANTA SOFIA;1511;CZ MONIQUIRA
355;15;BOYACÁ;15720;SATIVANORTE;1508;CZ SOATA
356;15;BOYACÁ;15723;SATIVASUR;1508;CZ SOATA
357;15;BOYACÁ;15740;SIACHOQUE;1501;CZ TUNJA 1
358;15;BOYACÁ;15753;SOATA;1508;CZ SOATA
359;15;BOYACÁ;15755;SOCOTA;1504;CZ DUITAMA
360;15;BOYACÁ;15757;SOCHA;1504;CZ DUITAMA
361;15;BOYACÁ;15759;SOGAMOSO;1503;CZ SOGAMOSO
362;15;BOYACÁ;15761;SOMONDOCO;1506;CZ GARAGOA
363;15;BOYACÁ;15762;SORA;1501;CZ TUNJA 1
364;15;BOYACÁ;15763;SOTAQUIRA;1501;CZ TUNJA 1
365;15;BOYACÁ;15764;SORACA;1501;CZ TUNJA 1
366;15;BOYACÁ;15774;SUSACON;1508;CZ SOATA
367;15;BOYACÁ;15776;SUTAMARCHAN;1505;CZ CHIQUINQUIRA
368;15;BOYACÁ;15778;SUTATENZA;1506;CZ GARAGOA
369;15;BOYACÁ;15790;TASCO;1504;CZ DUITAMA
370;15;BOYACÁ;15798;TENZA;1506;CZ GARAGOA
371;15;BOYACÁ;15804;TIBANA;1501;CZ TUNJA 1
372;15;BOYACÁ;15806;TIBASOSA;1504;CZ DUITAMA
373;15;BOYACÁ;15808;TINJACA;1505;CZ CHIQUINQUIRA
374;15;BOYACÁ;15810;TIPACOQUE;1508;CZ SOATA
375;15;BOYACÁ;15814;TOCA;1501;CZ TUNJA 1
376;15;BOYACÁ;15816;TOGÜI;1511;CZ MONIQUIRA
377;15;BOYACÁ;15820;TOPAGA;1503;CZ SOGAMOSO
378;15;BOYACÁ;15822;TOTA;1503;CZ SOGAMOSO
379;15;BOYACÁ;15832;TUNUNGUA;1512;CZ OTANCHE
380;15;BOYACÁ;15835;TURMEQUE;1501;CZ TUNJA 1
381;15;BOYACÁ;15837;TUTA;1501;CZ TUNJA 1
382;15;BOYACÁ;15839;TUTAZA;1504;CZ DUITAMA
383;15;BOYACÁ;15842;UMBITA;1501;CZ TUNJA 1
384;15;BOYACÁ;15861;VENTAQUEMADA;1501;CZ TUNJA 1
385;15;BOYACÁ;15879;VIRACACHA;1501;CZ TUNJA 1
386;15;BOYACÁ;15897;ZETAQUIRA;1510;CZ MIRAFLORES
387;17;CALDAS;17001;MANIZALES;1701;CZ MANIZALES 1
388;17;CALDAS;17013;AGUADAS;1705;CZ NORTE
389;17;CALDAS;17042;ANSERMA;1703;CZ OCCIDENTE
390;17;CALDAS;17050;ARANZAZU;1705;CZ NORTE
391;17;CALDAS;17174;CHINCHINA;1709;CZ DEL CAFE
392;17;CALDAS;17272;FILADELFIA;1701;CZ MANIZALES 1
393;17;CALDAS;17380;LA DORADA;1704;CZ ORIENTE
394;17;CALDAS;17388;LA MERCED;1705;CZ NORTE
395;17;CALDAS;17433;MANZANARES;1706;CZ SUR ORIENTE
396;17;CALDAS;17442;MARMATO;1703;CZ OCCIDENTE
397;17;CALDAS;17444;MARQUETALIA;1706;CZ SUR ORIENTE
398;17;CALDAS;17446;MARULANDA;1706;CZ SUR ORIENTE
399;17;CALDAS;17486;NEIRA;1701;CZ MANIZALES 1
400;17;CALDAS;17495;NORCASIA;1704;CZ ORIENTE
401;17;CALDAS;17513;PACORA;1705;CZ NORTE
402;17;CALDAS;17524;PALESTINA;1709;CZ DEL CAFE
403;17;CALDAS;17541;PENSILVANIA;1706;CZ SUR ORIENTE
404;17;CALDAS;17614;RIOSUCIO;1703;CZ OCCIDENTE
405;17;CALDAS;17616;RISARALDA;1703;CZ OCCIDENTE
406;17;CALDAS;17653;SALAMINA;1705;CZ NORTE
407;17;CALDAS;17662;SAMANA;1704;CZ ORIENTE
408;17;CALDAS;17665;SAN JOSE;1709;CZ DEL CAFE
409;17;CALDAS;17777;SUPIA;1703;CZ OCCIDENTE
410;17;CALDAS;17867;VICTORIA;1704;CZ ORIENTE
411;17;CALDAS;17873;VILLAMARIA;1701;CZ MANIZALES 1
412;27;CHOCÓ;27025;ALTO BAUDO;2712;CZ BAUDÓ
413;18;CAQUETÁ;18029;ALBANIA;1804;CZ BELEN DE LOS ANDAQUIES
414;18;CAQUETÁ;18094;BELEN DE LOS ANDAQUIES;1804;CZ BELEN DE LOS ANDAQUIES
415;18;CAQUETÁ;18150;CARTAGENA DEL CHAIRA;1803;CZ PUERTO RICO
416;18;CAQUETÁ;18205;CURILLO;1804;CZ BELEN DE LOS ANDAQUIES
417;18;CAQUETÁ;18247;EL DONCELLO;1803;CZ PUERTO RICO
418;18;CAQUETÁ;18256;EL PAUJIL;1803;CZ PUERTO RICO
419;18;CAQUETÁ;18410;LA MONTAÑITA;1801;CZ FLORENCIA 1
420;18;CAQUETÁ;18460;MILAN;1801;CZ FLORENCIA 1
421;18;CAQUETÁ;18479;MORELIA;1801;CZ FLORENCIA 1
422;18;CAQUETÁ;18592;PUERTO RICO;1803;CZ PUERTO RICO
423;18;CAQUETÁ;18610;SAN JOSE DEL FRAGUA;1804;CZ BELEN DE LOS ANDAQUIES
424;18;CAQUETÁ;18753;SAN VICENTE DEL CAGUAN;1803;CZ PUERTO RICO
425;18;CAQUETÁ;18756;SOLANO;1801;CZ FLORENCIA 1
426;18;CAQUETÁ;18785;SOLITA;1804;CZ BELEN DE LOS ANDAQUIES
427;18;CAQUETÁ;18860;VALPARAISO;1804;CZ BELEN DE LOS ANDAQUIES
428;19;CAUCA;19001;POPAYAN;1901;CZ POPAYAN
429;19;CAUCA;19022;ALMAGUER;1906;CZ MACIZO COLOMBIANO
430;19;CAUCA;19050;ARGELIA;1904;CZ SUR
431;19;CAUCA;19075;BALBOA;1904;CZ SUR
432;19;CAUCA;19100;BOLIVAR;1906;CZ MACIZO COLOMBIANO
433;19;CAUCA;19130;CAJIBIO;1902;CZ CENTRO
434;19;CAUCA;19137;CALDONO;1903;CZ INDIGENA
435;19;CAUCA;19142;CALOTO;1905;CZ NORTE
436;19;CAUCA;19212;CORINTO;1905;CZ NORTE
437;19;CAUCA;19256;EL TAMBO;1902;CZ CENTRO
438;19;CAUCA;19290;FLORENCIA;1904;CZ SUR
439;19;CAUCA;19318;GUAPI;1907;CZ COSTA PACIFICA
440;27;CHOCÓ;27050;ATRATO;2701;CZ QUIBDO
441;19;CAUCA;19355;INZA;1903;CZ INDIGENA
442;19;CAUCA;19364;JAMBALO;1903;CZ INDIGENA
443;19;CAUCA;19392;LA SIERRA;1902;CZ CENTRO
444;19;CAUCA;19397;LA VEGA;1902;CZ CENTRO
445;19;CAUCA;19418;LOPEZ DE MICAY;1907;CZ COSTA PACIFICA
446;19;CAUCA;19450;MERCADERES;1904;CZ SUR
447;19;CAUCA;19455;MIRANDA;1905;CZ NORTE
448;19;CAUCA;19473;MORALES;1902;CZ CENTRO
449;19;CAUCA;19513;PADILLA;1905;CZ NORTE
450;19;CAUCA;19517;PAEZ;1903;CZ INDIGENA
451;19;CAUCA;19532;PATIA;1904;CZ SUR
452;19;CAUCA;19533;PIAMONTE;1903;CZ INDIGENA
453;19;CAUCA;19548;PIENDAMO - TUNIA;1902;CZ CENTRO
454;19;CAUCA;19573;PUERTO TEJADA;1905;CZ NORTE
455;19;CAUCA;19585;PURACE;1903;CZ INDIGENA
456;19;CAUCA;19622;ROSAS;1902;CZ CENTRO
457;19;CAUCA;19693;SAN SEBASTIAN;1906;CZ MACIZO COLOMBIANO
458;19;CAUCA;19698;SANTANDER DE QUILICHAO;1905;CZ NORTE
459;19;CAUCA;19701;SANTA ROSA;1903;CZ INDIGENA
460;19;CAUCA;19701;SANTA ROSA;1906;CZ MACIZO COLOMBIANO
461;19;CAUCA;19743;SILVIA;1903;CZ INDIGENA
462;19;CAUCA;19760;SOTARA;1902;CZ CENTRO
463;19;CAUCA;19780;SUAREZ;1905;CZ NORTE
464;19;CAUCA;19785;SUCRE;1904;CZ SUR
465;19;CAUCA;19807;TIMBIO;1902;CZ CENTRO
466;19;CAUCA;19809;TIMBIQUI;1907;CZ COSTA PACIFICA
467;19;CAUCA;19821;TORIBIO;1905;CZ NORTE
468;19;CAUCA;19845;VILLA RICA;1905;CZ NORTE
469;20;CESAR;20001;VALLEDUPAR;2001;CZ VALLEDUPAR 1
470;20;CESAR;20013;AGUSTIN CODAZZI;2005;CZ AGUSTIN CODAZZI
471;20;CESAR;20032;ASTREA;2003;CZ CHIRIGUANA
472;20;CESAR;20045;BECERRIL;2005;CZ AGUSTIN CODAZZI
473;20;CESAR;20060;BOSCONIA;2001;CZ VALLEDUPAR 1
474;20;CESAR;20175;CHIMICHAGUA;2003;CZ CHIRIGUANA
475;20;CESAR;20178;CHIRIGUANA;2003;CZ CHIRIGUANA
476;20;CESAR;20228;CURUMANI;2003;CZ CHIRIGUANA
477;20;CESAR;20238;EL COPEY;2001;CZ VALLEDUPAR 1
478;20;CESAR;20250;EL PASO;2003;CZ CHIRIGUANA
479;20;CESAR;20310;GONZALEZ;2004;CZ AGUACHICA
480;20;CESAR;20383;LA GLORIA;2004;CZ AGUACHICA
481;20;CESAR;20400;LA JAGUA DE IBIRICO;2005;CZ AGUSTIN CODAZZI
482;20;CESAR;20443;MANAURE;2001;CZ VALLEDUPAR 1
483;20;CESAR;20517;PAILITAS;2004;CZ AGUACHICA
484;20;CESAR;20550;PELAYA;2004;CZ AGUACHICA
485;20;CESAR;20570;PUEBLO BELLO;2001;CZ VALLEDUPAR 1
486;20;CESAR;20614;RIO DE ORO;2004;CZ AGUACHICA
487;20;CESAR;20621;LA PAZ;2001;CZ VALLEDUPAR 1
488;20;CESAR;20710;SAN ALBERTO;2004;CZ AGUACHICA
489;20;CESAR;20750;SAN DIEGO;2005;CZ AGUSTIN CODAZZI
490;20;CESAR;20770;SAN MARTIN;2004;CZ AGUACHICA
491;20;CESAR;20787;TAMALAMEQUE;2004;CZ AGUACHICA
492;23;CÓRDOBA;23001;MONTERIA;2301;CZ 1 MONTERIA
493;23;CÓRDOBA;23068;AYAPEL;2305;CZ MONTELIBANO
494;23;CÓRDOBA;23079;BUENAVISTA;2303;CZ PLANETARICA
495;23;CÓRDOBA;23090;CANALETE;2301;CZ 1 MONTERIA
496;23;CÓRDOBA;23162;CERETE;2302;CZ CERETE
497;23;CÓRDOBA;23168;CHIMA;2308;CZ SAN ANDRES DE SOTAVENTO
498;23;CÓRDOBA;23182;CHINU;2307;CZ SAHAGUN
499;23;CÓRDOBA;23189;CIENAGA DE ORO;2302;CZ CERETE
500;23;CÓRDOBA;23300;COTORRA;2302;CZ CERETE
501;23;CÓRDOBA;23350;LA APARTADA;2305;CZ MONTELIBANO
502;23;CÓRDOBA;23417;LORICA;2306;CZ LORICA
503;23;CÓRDOBA;23419;LOS CORDOBAS;2301;CZ 1 MONTERIA
504;23;CÓRDOBA;23464;MOMIL;2306;CZ LORICA
505;23;CÓRDOBA;23500;MOÑITOS;2306;CZ LORICA
506;23;CÓRDOBA;23555;PLANETA RICA;2303;CZ PLANETARICA
507;23;CÓRDOBA;23570;PUEBLO NUEVO;2303;CZ PLANETARICA
508;23;CÓRDOBA;23574;PUERTO ESCONDIDO;2301;CZ 1 MONTERIA
509;23;CÓRDOBA;23580;PUERTO LIBERTADOR;2305;CZ MONTELIBANO
510;23;CÓRDOBA;23586;PURISIMA DE LA CONCEPCION;2306;CZ LORICA
511;23;CÓRDOBA;23660;SAHAGUN;2307;CZ SAHAGUN
512;23;CÓRDOBA;23670;SAN ANDRES DE SOTAVENTO;2308;CZ SAN ANDRES DE SOTAVENTO
513;23;CÓRDOBA;23672;SAN ANTERO;2306;CZ LORICA
514;23;CÓRDOBA;23675;SAN BERNARDO DEL VIENTO;2306;CZ LORICA
515;23;CÓRDOBA;23678;SAN CARLOS;2302;CZ CERETE
516;23;CÓRDOBA;23682;SAN JOSÉ DE URÉ;2305;CZ MONTELIBANO
517;23;CÓRDOBA;23686;SAN PELAYO;2302;CZ CERETE
518;23;CÓRDOBA;23807;TIERRALTA;2304;CZ TIERRALTA
519;23;CÓRDOBA;23815;TUCHÍN;2308;CZ SAN ANDRES DE SOTAVENTO
520;23;CÓRDOBA;23855;VALENCIA;2304;CZ TIERRALTA
521;25;CUNDINAMARCA;25001;AGUA DE DIOS;2510;CZ GIRARDOT
522;25;CUNDINAMARCA;25019;ALBAN;2506;CZ FACATATIVA
523;25;CUNDINAMARCA;25035;ANAPOIMA;2511;CZ LA MESA
524;25;CUNDINAMARCA;25040;ANOLAIMA;2506;CZ FACATATIVA
525;25;CUNDINAMARCA;25053;ARBELAEZ;2507;CZ FUSAGASUGA
526;25;CUNDINAMARCA;25086;BELTRAN;2513;CZ SAN JUAN DE RIOSECO
527;25;CUNDINAMARCA;25095;BITUIMA;2513;CZ SAN JUAN DE RIOSECO
528;25;CUNDINAMARCA;25099;BOJACA;2506;CZ FACATATIVA
529;25;CUNDINAMARCA;25120;CABRERA;2507;CZ FUSAGASUGA
530;25;CUNDINAMARCA;25123;CACHIPAY;2511;CZ LA MESA
531;25;CUNDINAMARCA;25126;CAJICA;2502;CZ ZIPAQUIRA
532;25;CUNDINAMARCA;25148;CAPARRAPI;2504;CZ PACHO
533;25;CUNDINAMARCA;25151;CAQUEZA;2508;CZ CAQUEZA
534;25;CUNDINAMARCA;25154;CARMEN DE CARUPA;2512;CZ UBATE
535;25;CUNDINAMARCA;25168;CHAGUANI;2513;CZ SAN JUAN DE RIOSECO
536;25;CUNDINAMARCA;25175;CHIA;2502;CZ ZIPAQUIRA
537;25;CUNDINAMARCA;25178;CHIPAQUE;2508;CZ CAQUEZA
538;25;CUNDINAMARCA;25181;CHOACHI;2508;CZ CAQUEZA
539;25;CUNDINAMARCA;25183;CHOCONTA;2503;CZ CHOCONTA
540;25;CUNDINAMARCA;25200;COGUA;2502;CZ ZIPAQUIRA
541;25;CUNDINAMARCA;25214;COTA;2502;CZ ZIPAQUIRA
542;25;CUNDINAMARCA;25224;CUCUNUBA;2512;CZ UBATE
543;25;CUNDINAMARCA;25245;EL COLEGIO;2511;CZ LA MESA
544;25;CUNDINAMARCA;25258;EL PEÑON;2504;CZ PACHO
545;25;CUNDINAMARCA;25260;EL ROSAL;2506;CZ FACATATIVA
546;25;CUNDINAMARCA;25269;FACATATIVA;2506;CZ FACATATIVA
547;25;CUNDINAMARCA;25279;FOMEQUE;2508;CZ CAQUEZA
548;25;CUNDINAMARCA;25281;FOSCA;2508;CZ CAQUEZA
549;25;CUNDINAMARCA;25286;FUNZA;2506;CZ FACATATIVA
550;25;CUNDINAMARCA;25288;FUQUENE;2512;CZ UBATE
551;25;CUNDINAMARCA;25295;GACHANCIPA;2502;CZ ZIPAQUIRA
552;25;CUNDINAMARCA;25297;GACHETA;2509;CZ GACHETA
553;25;CUNDINAMARCA;25299;GAMA;2509;CZ GACHETA
554;25;CUNDINAMARCA;25307;GIRARDOT;2510;CZ GIRARDOT
555;25;CUNDINAMARCA;25312;GRANADA;2507;CZ FUSAGASUGA
556;25;CUNDINAMARCA;25317;GUACHETA;2512;CZ UBATE
557;25;CUNDINAMARCA;25320;GUADUAS;2505;CZ VILLETA
558;25;CUNDINAMARCA;25322;GUASCA;2509;CZ GACHETA
559;25;CUNDINAMARCA;25324;GUATAQUI;2510;CZ GIRARDOT
560;25;CUNDINAMARCA;25326;GUATAVITA;2503;CZ CHOCONTA
561;25;CUNDINAMARCA;25328;GUAYABAL DE SIQUIMA;2506;CZ FACATATIVA
562;25;CUNDINAMARCA;25335;GUAYABETAL;2508;CZ CAQUEZA
563;25;CUNDINAMARCA;25339;GUTIERREZ;2508;CZ CAQUEZA
564;25;CUNDINAMARCA;25368;JERUSALEN;2510;CZ GIRARDOT
565;25;CUNDINAMARCA;25377;LA CALERA;2502;CZ ZIPAQUIRA
566;25;CUNDINAMARCA;25386;LA MESA;2511;CZ LA MESA
567;25;CUNDINAMARCA;25394;LA PALMA;2504;CZ PACHO
568;25;CUNDINAMARCA;25398;LA PEÑA;2505;CZ VILLETA
569;25;CUNDINAMARCA;25402;LA VEGA;2505;CZ VILLETA
570;25;CUNDINAMARCA;25407;LENGUAZAQUE;2512;CZ UBATE
571;25;CUNDINAMARCA;25426;MACHETA;2503;CZ CHOCONTA
572;25;CUNDINAMARCA;25430;MADRID;2506;CZ FACATATIVA
573;25;CUNDINAMARCA;25436;MANTA;2503;CZ CHOCONTA
574;25;CUNDINAMARCA;25438;MEDINA;2508;CZ CAQUEZA
575;25;CUNDINAMARCA;25473;MOSQUERA;2506;CZ FACATATIVA
576;25;CUNDINAMARCA;25483;NARIÑO;2510;CZ GIRARDOT
577;25;CUNDINAMARCA;25486;NEMOCON;2502;CZ ZIPAQUIRA
578;25;CUNDINAMARCA;25488;NILO;2510;CZ GIRARDOT
579;25;CUNDINAMARCA;25489;NIMAIMA;2505;CZ VILLETA
580;25;CUNDINAMARCA;25491;NOCAIMA;2505;CZ VILLETA
581;25;CUNDINAMARCA;25506;VENECIA;2507;CZ FUSAGASUGA
582;25;CUNDINAMARCA;25513;PACHO;2504;CZ PACHO
583;25;CUNDINAMARCA;25518;PAIME;2504;CZ PACHO
584;25;CUNDINAMARCA;25524;PANDI;2507;CZ FUSAGASUGA
585;25;CUNDINAMARCA;25530;PARATEBUENO;2508;CZ CAQUEZA
586;25;CUNDINAMARCA;25535;PASCA;2507;CZ FUSAGASUGA
587;25;CUNDINAMARCA;25572;PUERTO SALGAR;2505;CZ VILLETA
588;25;CUNDINAMARCA;25580;PULI;2513;CZ SAN JUAN DE RIOSECO
589;25;CUNDINAMARCA;25592;QUEBRADANEGRA;2505;CZ VILLETA
590;25;CUNDINAMARCA;25594;QUETAME;2508;CZ CAQUEZA
591;25;CUNDINAMARCA;25596;QUIPILE;2511;CZ LA MESA
592;25;CUNDINAMARCA;25599;APULO;2511;CZ LA MESA
593;25;CUNDINAMARCA;25612;RICAURTE;2510;CZ GIRARDOT
594;25;CUNDINAMARCA;25645;SAN ANTONIO DEL TEQUENDAMA;2511;CZ LA MESA
595;25;CUNDINAMARCA;25649;SAN BERNARDO;2507;CZ FUSAGASUGA
596;25;CUNDINAMARCA;25653;SAN CAYETANO;2502;CZ ZIPAQUIRA
597;25;CUNDINAMARCA;25658;SAN FRANCISCO;2505;CZ VILLETA
598;25;CUNDINAMARCA;25662;SAN JUAN DE RIOSECO;2513;CZ SAN JUAN DE RIOSECO
599;25;CUNDINAMARCA;25718;SASAIMA;2505;CZ VILLETA
600;25;CUNDINAMARCA;25736;SESQUILE;2503;CZ CHOCONTA
601;25;CUNDINAMARCA;25740;SIBATE;2518;CZ SOACHA CENTRO
602;25;CUNDINAMARCA;25743;SILVANIA;2507;CZ FUSAGASUGA
603;25;CUNDINAMARCA;25745;SIMIJACA;2512;CZ UBATE
604;25;CUNDINAMARCA;25754;SOACHA;2501;CZ SOACHA
605;25;CUNDINAMARCA;25754;SOACHA;2518;CZ SOACHA CENTRO
606;25;CUNDINAMARCA;25758;SOPO;2502;CZ ZIPAQUIRA
607;25;CUNDINAMARCA;25769;SUBACHOQUE;2506;CZ FACATATIVA
608;25;CUNDINAMARCA;25772;SUESCA;2503;CZ CHOCONTA
609;25;CUNDINAMARCA;25777;SUPATA;2504;CZ PACHO
610;25;CUNDINAMARCA;25779;SUSA;2512;CZ UBATE
611;25;CUNDINAMARCA;25781;SUTATAUSA;2512;CZ UBATE
612;25;CUNDINAMARCA;25785;TABIO;2502;CZ ZIPAQUIRA
613;25;CUNDINAMARCA;25793;TAUSA;2512;CZ UBATE
614;25;CUNDINAMARCA;25797;TENA;2511;CZ LA MESA
615;25;CUNDINAMARCA;25799;TENJO;2502;CZ ZIPAQUIRA
616;25;CUNDINAMARCA;25805;TIBACUY;2507;CZ FUSAGASUGA
617;25;CUNDINAMARCA;25807;TIBIRITA;2503;CZ CHOCONTA
618;25;CUNDINAMARCA;25815;TOCAIMA;2510;CZ GIRARDOT
619;25;CUNDINAMARCA;25817;TOCANCIPA;2502;CZ ZIPAQUIRA
620;25;CUNDINAMARCA;25823;TOPAIPI;2504;CZ PACHO
621;25;CUNDINAMARCA;25839;UBALA;2509;CZ GACHETA
622;25;CUNDINAMARCA;25841;UBAQUE;2508;CZ CAQUEZA
623;25;CUNDINAMARCA;25843;VILLA DE SAN DIEGO DE UBATE;2512;CZ UBATE
624;25;CUNDINAMARCA;25845;UNE;2508;CZ CAQUEZA
625;25;CUNDINAMARCA;25851;ÚTICA;2505;CZ VILLETA
626;25;CUNDINAMARCA;25862;VERGARA;2505;CZ VILLETA
627;25;CUNDINAMARCA;25867;VIANI;2513;CZ SAN JUAN DE RIOSECO
628;25;CUNDINAMARCA;25871;VILLAGOMEZ;2504;CZ PACHO
629;25;CUNDINAMARCA;25873;VILLAPINZON;2503;CZ CHOCONTA
630;25;CUNDINAMARCA;25875;VILLETA;2505;CZ VILLETA
631;25;CUNDINAMARCA;25878;VIOTA;2510;CZ GIRARDOT
632;25;CUNDINAMARCA;25885;YACOPI;2504;CZ PACHO
633;25;CUNDINAMARCA;25898;ZIPACON;2506;CZ FACATATIVA
634;25;CUNDINAMARCA;25899;ZIPAQUIRA;2502;CZ ZIPAQUIRA
635;27;CHOCÓ;27025;ALTO BAUDO;2702;CZ ISTMINA
636;27;CHOCÓ;27075;BAHIA SOLANO;2703;CZ BAHIA SOLANO
637;27;CHOCÓ;27099;BOJAYA;2701;CZ QUIBDO
638;27;CHOCÓ;27160;CERTEGUI;2705;CZ TADO
639;27;CHOCÓ;27205;CONDOTO;2702;CZ ISTMINA
640;27;CHOCÓ;27245;EL CARMEN DE ATRATO;2701;CZ QUIBDO
641;27;CHOCÓ;27250;EL LITORAL DEL SAN JUAN;2702;CZ ISTMINA
642;27;CHOCÓ;27361;ISTMINA;2702;CZ ISTMINA
643;27;CHOCÓ;27372;JURADO;2703;CZ BAHIA SOLANO
644;27;CHOCÓ;27413;LLORO;2701;CZ QUIBDO
645;27;CHOCÓ;27425;MEDIO ATRATO;2701;CZ QUIBDO
646;27;CHOCÓ;27430;MEDIO BAUDO;2712;CZ BAUDÓ
647;27;CHOCÓ;27450;MEDIO SAN JUAN;2702;CZ ISTMINA
648;27;CHOCÓ;27491;NOVITA;2702;CZ ISTMINA
649;27;CHOCÓ;27493;NUEVO BELÉN DE BAJIRÁ;2704;CZ RIOSUCIO
650;27;CHOCÓ;27495;NUQUI;2703;CZ BAHIA SOLANO
651;27;CHOCÓ;27580;RIO IRO;2702;CZ ISTMINA
652;27;CHOCÓ;27600;RIO QUITO;2701;CZ QUIBDO
653;27;CHOCÓ;27615;RIOSUCIO;2704;CZ RIOSUCIO
654;27;CHOCÓ;27660;SAN JOSE DEL PALMAR;2705;CZ TADO
655;27;CHOCÓ;27745;SIPI;2702;CZ ISTMINA
656;27;CHOCÓ;27787;TADO;2705;CZ TADO
657;27;CHOCÓ;27800;UNGUIA;2704;CZ RIOSUCIO
658;27;CHOCÓ;27810;UNION PANAMERICANA;2705;CZ TADO
659;41;HUILA;41001;NEIVA;4101;CZ NEIVA
660;41;HUILA;41006;ACEVEDO;4104;CZ PITALITO
661;41;HUILA;41013;AGRADO;4102;CZ GARZON
662;41;HUILA;41016;AIPE;4101;CZ NEIVA
663;41;HUILA;41020;ALGECIRAS;4105;CZ LA GAITANA
664;41;HUILA;41026;ALTAMIRA;4102;CZ GARZON
665;41;HUILA;41078;BARAYA;4105;CZ LA GAITANA
666;41;HUILA;41132;CAMPOALEGRE;4105;CZ LA GAITANA
667;41;HUILA;41206;COLOMBIA;4105;CZ LA GAITANA
668;41;HUILA;41244;ELIAS;4104;CZ PITALITO
669;41;HUILA;41298;GARZON;4102;CZ GARZON
670;41;HUILA;41306;GIGANTE;4102;CZ GARZON
671;41;HUILA;41319;GUADALUPE;4102;CZ GARZON
672;41;HUILA;41349;HOBO;4105;CZ LA GAITANA
673;41;HUILA;41357;IQUIRA;4101;CZ NEIVA
674;41;HUILA;41359;ISNOS;4104;CZ PITALITO
675;41;HUILA;41378;LA ARGENTINA;4103;CZ LA PLATA
676;41;HUILA;41396;LA PLATA;4103;CZ LA PLATA
677;41;HUILA;41483;NATAGA;4103;CZ LA PLATA
678;41;HUILA;41503;OPORAPA;4104;CZ PITALITO
679;41;HUILA;41518;PAICOL;4103;CZ LA PLATA
680;41;HUILA;41524;PALERMO;4101;CZ NEIVA
681;41;HUILA;41530;PALESTINA;4104;CZ PITALITO
682;41;HUILA;41548;PITAL;4102;CZ GARZON
683;41;HUILA;41551;PITALITO;4104;CZ PITALITO
684;41;HUILA;41615;RIVERA;4105;CZ LA GAITANA
685;41;HUILA;41660;SALADOBLANCO;4104;CZ PITALITO
686;41;HUILA;41668;SAN AGUSTIN;4104;CZ PITALITO
687;41;HUILA;41676;SANTA MARIA;4101;CZ NEIVA
688;41;HUILA;41770;SUAZA;4102;CZ GARZON
689;41;HUILA;41791;TARQUI;4102;CZ GARZON
690;41;HUILA;41797;TESALIA;4103;CZ LA PLATA
691;41;HUILA;41801;TERUEL;4101;CZ NEIVA
692;41;HUILA;41807;TIMANA;4104;CZ PITALITO
693;41;HUILA;41872;VILLAVIEJA;4101;CZ NEIVA
694;41;HUILA;41885;YAGUARA;4101;CZ NEIVA
695;47;MAGDALENA;47258;EL PIÑON;4703;CZ DEL RIO
696;44;LA GUAJIRA;44035;ALBANIA;4405;CZ MAICAO
697;44;LA GUAJIRA;44078;BARRANCAS;4403;CZ FONSECA
698;44;LA GUAJIRA;44090;DIBULLA;4401;CZ RIOHACHA 1
699;44;LA GUAJIRA;44098;DISTRACCION;4403;CZ FONSECA
700;44;LA GUAJIRA;44110;EL MOLINO;4403;CZ FONSECA
701;44;LA GUAJIRA;44279;FONSECA;4403;CZ FONSECA
702;44;LA GUAJIRA;44378;HATONUEVO;4403;CZ FONSECA
703;44;LA GUAJIRA;44420;LA JAGUA DEL PILAR;4403;CZ FONSECA
704;44;LA GUAJIRA;44847;URIBIA;4404;CZ MANAURE
705;44;LA GUAJIRA;44847;URIBIA;4408;CZ NAZARETH
706;44;LA GUAJIRA;44855;URUMITA;4403;CZ FONSECA
707;68;SANTANDER;68327;GÜEPSA;6809;CZ VELEZ
708;44;LA GUAJIRA;44874;VILLANUEVA;4403;CZ FONSECA
709;47;MAGDALENA;47001;SANTA MARTA;4701;CZ SANTA MARTA SUR
710;47;MAGDALENA;47001;SANTA MARTA;4702;CZ SANTA MARTA NORTE
711;47;MAGDALENA;47030;ALGARROBO;4705;CZ FUNDACIÓN
712;47;MAGDALENA;47053;ARACATACA;4705;CZ FUNDACIÓN
713;47;MAGDALENA;47058;ARIGUANI;4706;CZ PLATO
714;47;MAGDALENA;47161;CERRO DE SAN ANTONIO;4703;CZ DEL RIO
715;47;MAGDALENA;47170;CHIVOLO;4706;CZ PLATO
716;47;MAGDALENA;47189;CIENAGA;4704;CZ CIENAGA
717;47;MAGDALENA;47205;CONCORDIA;4703;CZ DEL RIO
718;47;MAGDALENA;47245;EL BANCO;4707;CZ EL BANCO
719;47;MAGDALENA;47268;EL RETEN;4705;CZ FUNDACIÓN
720;70;SUCRE;70742;SAN LUIS DE SINCE;7001;CZ BOSTON
721;47;MAGDALENA;47318;GUAMAL;4707;CZ EL BANCO
722;47;MAGDALENA;47541;PEDRAZA;4706;CZ PLATO
723;47;MAGDALENA;47551;PIVIJAY;4703;CZ DEL RIO
724;47;MAGDALENA;47555;PLATO;4706;CZ PLATO
725;47;MAGDALENA;47570;PUEBLOVIEJO;4704;CZ CIENAGA
726;47;MAGDALENA;47605;REMOLINO;4704;CZ CIENAGA
727;47;MAGDALENA;47660;SABANAS DE SAN ANGEL;4705;CZ FUNDACIÓN
728;47;MAGDALENA;47675;SALAMINA;4703;CZ DEL RIO
729;47;MAGDALENA;47692;SAN SEBASTIAN DE BUENAVISTA;4707;CZ EL BANCO
730;47;MAGDALENA;47703;SAN ZENON;4708;CZ SANTA ANA
731;47;MAGDALENA;47707;SANTA ANA;4708;CZ SANTA ANA
732;47;MAGDALENA;47720;SANTA BARBARA DE PINTO;4708;CZ SANTA ANA
733;47;MAGDALENA;47798;TENERIFE;4706;CZ PLATO
734;47;MAGDALENA;47960;ZAPAYAN;4706;CZ PLATO
735;47;MAGDALENA;47980;ZONA BANANERA;4704;CZ CIENAGA
736;50;META;50001;VILLAVICENCIO;5001;CZ VILLAVICENCIO 1
737;50;META;50006;ACACIAS;5004;CZ ACACIAS
738;50;META;50110;BARRANCA DE UPIA;5001;CZ VILLAVICENCIO 1
739;50;META;50124;CABUYARO;5005;CZ PUERTO LOPEZ
740;50;META;50150;CASTILLA LA NUEVA;5004;CZ ACACIAS
741;50;META;50223;CUBARRAL;5004;CZ ACACIAS
742;50;META;50226;CUMARAL;5001;CZ VILLAVICENCIO 1
743;50;META;50245;EL CALVARIO;5001;CZ VILLAVICENCIO 1
744;50;META;50270;EL DORADO;5004;CZ ACACIAS
745;50;META;50287;FUENTEDEORO;5003;CZ GRANADA
746;50;META;50313;GRANADA;5003;CZ GRANADA
747;50;META;50318;GUAMAL;5004;CZ ACACIAS
748;50;META;50325;MAPIRIPAN;5001;CZ VILLAVICENCIO 1
749;50;META;50330;MESETAS;5003;CZ GRANADA
750;50;META;50350;LA MACARENA;5001;CZ VILLAVICENCIO 1
751;50;META;50370;URIBE;5003;CZ GRANADA
752;50;META;50400;LEJANIAS;5003;CZ GRANADA
753;50;META;50450;PUERTO CONCORDIA;5003;CZ GRANADA
754;50;META;50568;PUERTO GAITAN;5005;CZ PUERTO LOPEZ
755;50;META;50573;PUERTO LOPEZ;5005;CZ PUERTO LOPEZ
756;50;META;50577;PUERTO LLERAS;5003;CZ GRANADA
757;50;META;50590;PUERTO RICO;5003;CZ GRANADA
758;50;META;50606;RESTREPO;5001;CZ VILLAVICENCIO 1
759;50;META;50680;SAN CARLOS DE GUAROA;5004;CZ ACACIAS
760;50;META;50683;SAN JUAN DE ARAMA;5003;CZ GRANADA
761;50;META;50686;SAN JUANITO;5001;CZ VILLAVICENCIO 1
762;50;META;50689;SAN MARTIN;5004;CZ ACACIAS
763;50;META;50711;VISTAHERMOSA;5003;CZ GRANADA
764;52;NARIÑO;52001;PASTO;5201;CZ PASTO 1
765;52;NARIÑO;52001;PASTO;5202;CZ PASTO 2
766;52;NARIÑO;52019;ALBAN;5201;CZ PASTO 1
767;52;NARIÑO;52022;ALDANA;5204;CZ IPIALES
768;52;NARIÑO;52036;ANCUYA;5202;CZ PASTO 2
769;52;NARIÑO;52051;ARBOLEDA;5206;CZ LA UNION
770;52;NARIÑO;52079;BARBACOAS;5207;CZ BARBACOAS
771;52;NARIÑO;52083;BELEN;5206;CZ LA UNION
772;52;NARIÑO;52110;BUESACO;5201;CZ PASTO 1
773;52;NARIÑO;52203;COLON;5206;CZ LA UNION
774;52;NARIÑO;52207;CONSACA;5202;CZ PASTO 2
775;52;NARIÑO;52210;CONTADERO;5204;CZ IPIALES
776;52;NARIÑO;52215;CORDOBA;5204;CZ IPIALES
777;52;NARIÑO;52224;CUASPUD;5204;CZ IPIALES
778;52;NARIÑO;52227;CUMBAL;5204;CZ IPIALES
779;52;NARIÑO;52233;CUMBITARA;5208;CZ REMOLINO
780;52;NARIÑO;52240;CHACHAGÜI;5201;CZ PASTO 1
781;52;NARIÑO;52250;EL CHARCO;5203;CZ TUMACO
782;52;NARIÑO;52254;EL PEÑOL;5202;CZ PASTO 2
783;52;NARIÑO;52256;EL ROSARIO;5208;CZ REMOLINO
784;52;NARIÑO;52258;EL TABLON DE GOMEZ;5201;CZ PASTO 1
785;52;NARIÑO;52260;EL TAMBO;5202;CZ PASTO 2
786;52;NARIÑO;52287;FUNES;5201;CZ PASTO 1
787;52;NARIÑO;52317;GUACHUCAL;5204;CZ IPIALES
788;52;NARIÑO;52320;GUAITARILLA;5205;CZ TUQUERRES
789;52;NARIÑO;52323;GUALMATAN;5204;CZ IPIALES
790;52;NARIÑO;52352;ILES;5204;CZ IPIALES
791;52;NARIÑO;52354;IMUES;5205;CZ TUQUERRES
792;52;NARIÑO;52356;IPIALES;5204;CZ IPIALES
793;52;NARIÑO;52378;LA CRUZ;5206;CZ LA UNION
794;52;NARIÑO;52381;LA FLORIDA;5202;CZ PASTO 2
795;52;NARIÑO;52385;LA LLANADA;5205;CZ TUQUERRES
796;52;NARIÑO;52390;LA TOLA;5203;CZ TUMACO
797;52;NARIÑO;52399;LA UNION;5206;CZ LA UNION
798;52;NARIÑO;52405;LEIVA;5208;CZ REMOLINO
799;52;NARIÑO;52411;LINARES;5202;CZ PASTO 2
800;52;NARIÑO;52418;LOS ANDES;5202;CZ PASTO 2
801;52;NARIÑO;52427;MAGÜI;5207;CZ BARBACOAS
802;52;NARIÑO;52473;MOSQUERA;5203;CZ TUMACO
803;52;NARIÑO;52480;NARIÑO;5202;CZ PASTO 2
804;52;NARIÑO;52490;OLAYA HERRERA;5203;CZ TUMACO
805;52;NARIÑO;52506;OSPINA;5205;CZ TUQUERRES
806;52;NARIÑO;52560;POTOSI;5204;CZ IPIALES
807;52;NARIÑO;52565;PROVIDENCIA;5205;CZ TUQUERRES
808;52;NARIÑO;52573;PUERRES;5204;CZ IPIALES
809;52;NARIÑO;52585;PUPIALES;5204;CZ IPIALES
810;52;NARIÑO;52612;RICAURTE;5205;CZ TUQUERRES
811;52;NARIÑO;52621;ROBERTO PAYAN;5207;CZ BARBACOAS
812;52;NARIÑO;52678;SAMANIEGO;5205;CZ TUQUERRES
813;52;NARIÑO;52683;SANDONA;5202;CZ PASTO 2
814;52;NARIÑO;52685;SAN BERNARDO;5201;CZ PASTO 1
815;52;NARIÑO;52687;SAN LORENZO;5206;CZ LA UNION
816;52;NARIÑO;52693;SAN PABLO;5206;CZ LA UNION
817;68;SANTANDER;68368;JESUS MARIA;6809;CZ VELEZ
818;52;NARIÑO;52694;SAN PEDRO DE CARTAGO;5206;CZ LA UNION
819;52;NARIÑO;52696;SANTA BARBARA;1907;CZ COSTA PACIFICA
820;52;NARIÑO;52696;SANTA BARBARA;5203;CZ TUMACO
821;52;NARIÑO;52699;SANTACRUZ;5205;CZ TUQUERRES
822;52;NARIÑO;52720;SAPUYES;5205;CZ TUQUERRES
823;52;NARIÑO;52786;TAMINANGO;5208;CZ REMOLINO
824;52;NARIÑO;52788;TANGUA;5201;CZ PASTO 1
825;52;NARIÑO;52838;TUQUERRES;5205;CZ TUQUERRES
826;52;NARIÑO;52885;YACUANQUER;5201;CZ PASTO 1
827;54;NORTE DE SANTANDER;54001;CUCUTA;5401;CZ CUCUTA 1
828;54;NORTE DE SANTANDER;54001;CUCUTA;5402;CZ CUCUTA 2
829;54;NORTE DE SANTANDER;54001;CUCUTA;5403;CZ CUCUTA 3
830;54;NORTE DE SANTANDER;54003;ABREGO;5404;CZ OCAÑA
831;54;NORTE DE SANTANDER;54051;ARBOLEDAS;5401;CZ CUCUTA 1
832;54;NORTE DE SANTANDER;54099;BOCHALEMA;5403;CZ CUCUTA 3
833;54;NORTE DE SANTANDER;54109;BUCARASICA;5402;CZ CUCUTA 2
834;54;NORTE DE SANTANDER;54125;CACOTA;5405;CZ PAMPLONA
835;54;NORTE DE SANTANDER;54128;CACHIRA;5404;CZ OCAÑA
836;54;NORTE DE SANTANDER;54172;CHINACOTA;5403;CZ CUCUTA 3
837;54;NORTE DE SANTANDER;54174;CHITAGA;5405;CZ PAMPLONA
838;54;NORTE DE SANTANDER;54206;CONVENCION;5404;CZ OCAÑA
839;54;NORTE DE SANTANDER;54223;CUCUTILLA;5405;CZ PAMPLONA
840;54;NORTE DE SANTANDER;54239;DURANIA;5401;CZ CUCUTA 1
841;54;NORTE DE SANTANDER;54245;EL CARMEN;5404;CZ OCAÑA
842;54;NORTE DE SANTANDER;54250;EL TARRA;5406;CZ TIBU
843;54;NORTE DE SANTANDER;54261;EL ZULIA;5401;CZ CUCUTA 1
844;54;NORTE DE SANTANDER;54313;GRAMALOTE;5402;CZ CUCUTA 2
845;54;NORTE DE SANTANDER;54344;HACARI;5404;CZ OCAÑA
846;54;NORTE DE SANTANDER;54347;HERRAN;5403;CZ CUCUTA 3
847;54;NORTE DE SANTANDER;54377;LABATECA;5405;CZ PAMPLONA
848;54;NORTE DE SANTANDER;54385;LA ESPERANZA;5404;CZ OCAÑA
849;54;NORTE DE SANTANDER;54398;LA PLAYA;5404;CZ OCAÑA
850;54;NORTE DE SANTANDER;54418;LOURDES;5402;CZ CUCUTA 2
851;54;NORTE DE SANTANDER;54480;MUTISCUA;5405;CZ PAMPLONA
852;54;NORTE DE SANTANDER;54520;PAMPLONITA;5405;CZ PAMPLONA
853;54;NORTE DE SANTANDER;54553;PUERTO SANTANDER;5403;CZ CUCUTA 3
854;54;NORTE DE SANTANDER;54599;RAGONVALIA;5403;CZ CUCUTA 3
855;54;NORTE DE SANTANDER;54660;SALAZAR;5401;CZ CUCUTA 1
856;54;NORTE DE SANTANDER;54670;SAN CALIXTO;5404;CZ OCAÑA
857;54;NORTE DE SANTANDER;54673;SAN CAYETANO;5401;CZ CUCUTA 1
858;54;NORTE DE SANTANDER;54680;SANTIAGO;5402;CZ CUCUTA 2
859;54;NORTE DE SANTANDER;54720;SARDINATA;5402;CZ CUCUTA 2
860;54;NORTE DE SANTANDER;54743;SILOS;5405;CZ PAMPLONA
861;54;NORTE DE SANTANDER;54800;TEORAMA;5404;CZ OCAÑA
862;54;NORTE DE SANTANDER;54810;TIBU;5406;CZ TIBU
863;54;NORTE DE SANTANDER;54820;TOLEDO;5405;CZ PAMPLONA
864;54;NORTE DE SANTANDER;54871;VILLA CARO;5402;CZ CUCUTA 2
865;54;NORTE DE SANTANDER;54874;VILLA DEL ROSARIO;5403;CZ CUCUTA 3
866;63;QUINDIO;63001;ARMENIA;6301;CZ ARMENIA SUR
867;63;QUINDIO;63001;ARMENIA;6302;CZ ARMENIA NORTE
868;63;QUINDIO;63111;BUENAVISTA;6303;CZ CALARCA
869;63;QUINDIO;63130;CALARCA;6303;CZ CALARCA
870;63;QUINDIO;63212;CORDOBA;6303;CZ CALARCA
871;63;QUINDIO;63272;FILANDIA;6301;CZ ARMENIA SUR
872;63;QUINDIO;63302;GENOVA;6303;CZ CALARCA
873;63;QUINDIO;63401;LA TEBAIDA;6301;CZ ARMENIA SUR
874;63;QUINDIO;63470;MONTENEGRO;6302;CZ ARMENIA NORTE
875;63;QUINDIO;63548;PIJAO;6303;CZ CALARCA
876;63;QUINDIO;63594;QUIMBAYA;6302;CZ ARMENIA NORTE
877;63;QUINDIO;63690;SALENTO;6301;CZ ARMENIA SUR
878;66;RISARALDA;66001;PEREIRA;6601;CZ PEREIRA
879;66;RISARALDA;66045;APIA;6602;CZ LA VIRGINIA
880;66;RISARALDA;66075;BALBOA;6602;CZ LA VIRGINIA
881;66;RISARALDA;66088;BELEN DE UMBRIA;6604;CZ BELEN DE UMBRIA
882;66;RISARALDA;66170;DOSQUEBRADAS;6603;CZ DOS QUEBRADAS
883;66;RISARALDA;66318;GUATICA;6604;CZ BELEN DE UMBRIA
884;66;RISARALDA;66383;LA CELIA;6602;CZ LA VIRGINIA
885;66;RISARALDA;66400;LA VIRGINIA;6602;CZ LA VIRGINIA
886;66;RISARALDA;66440;MARSELLA;6605;CZ SANTA ROSA DE CABAL
887;66;RISARALDA;66456;MISTRATO;6604;CZ BELEN DE UMBRIA
888;66;RISARALDA;66572;PUEBLO RICO;6602;CZ LA VIRGINIA
889;66;RISARALDA;66594;QUINCHIA;6604;CZ BELEN DE UMBRIA
890;66;RISARALDA;66682;SANTA ROSA DE CABAL;6605;CZ SANTA ROSA DE CABAL
891;66;RISARALDA;66687;SANTUARIO;6602;CZ LA VIRGINIA
892;68;SANTANDER;68001;BUCARAMANGA;6803;CZ CARLOS LLERAS RESTREPO
893;68;SANTANDER;68013;AGUADA;6809;CZ VELEZ
894;68;SANTANDER;68020;ALBANIA;6809;CZ VELEZ
895;68;SANTANDER;68051;ARATOCA;6807;CZ SAN GIL
896;68;SANTANDER;68079;BARICHARA;6807;CZ SAN GIL
897;68;SANTANDER;68081;BARRANCABERMEJA;6805;CZ YARIQUIES
898;70;SUCRE;70265;GUARANDA;7004;CZ LA MOJANA
899;76;VALLE DEL CAUCA;76250;EL DOVIO;7612;CZ ROLDANILLO
900;68;SANTANDER;68092;BETULIA;6802;CZ BUCARAMANGA SUR
901;68;SANTANDER;68101;BOLIVAR;6809;CZ VELEZ
902;68;SANTANDER;68121;CABRERA;6807;CZ SAN GIL
903;68;SANTANDER;68132;CALIFORNIA;6801;CZ ANTONIA SANTOS
904;68;SANTANDER;68147;CAPITANEJO;6810;CZ MALAGA
905;68;SANTANDER;68152;CARCASI;6810;CZ MALAGA
906;68;SANTANDER;68160;CEPITA;6807;CZ SAN GIL
907;68;SANTANDER;68162;CERRITO;6810;CZ MALAGA
908;68;SANTANDER;68167;CHARALA;6807;CZ SAN GIL
909;68;SANTANDER;68169;CHARTA;6801;CZ ANTONIA SANTOS
910;68;SANTANDER;68176;CHIMA;6808;CZ SOCORRO
911;68;SANTANDER;68179;CHIPATA;6809;CZ VELEZ
912;68;SANTANDER;68190;CIMITARRA;6805;CZ YARIQUIES
913;68;SANTANDER;68207;CONCEPCION;6810;CZ MALAGA
914;68;SANTANDER;68209;CONFINES;6808;CZ SOCORRO
915;68;SANTANDER;68211;CONTRATACION;6808;CZ SOCORRO
916;68;SANTANDER;68217;COROMORO;6807;CZ SAN GIL
917;68;SANTANDER;68229;CURITI;6807;CZ SAN GIL
918;68;SANTANDER;68235;EL CARMEN DE CHUCURI;6805;CZ YARIQUIES
919;68;SANTANDER;68245;EL GUACAMAYO;6808;CZ SOCORRO
920;68;SANTANDER;68250;EL PEÑON;6809;CZ VELEZ
921;68;SANTANDER;68255;EL PLAYON;6801;CZ ANTONIA SANTOS
922;68;SANTANDER;68264;ENCINO;6807;CZ SAN GIL
923;68;SANTANDER;68266;ENCISO;6810;CZ MALAGA
924;68;SANTANDER;68271;FLORIAN;6809;CZ VELEZ
925;68;SANTANDER;68276;FLORIDABLANCA;6802;CZ BUCARAMANGA SUR
926;68;SANTANDER;68296;GALAN;6808;CZ SOCORRO
927;68;SANTANDER;68298;GAMBITA;6808;CZ SOCORRO
928;68;SANTANDER;68307;GIRON;6801;CZ ANTONIA SANTOS
929;68;SANTANDER;68318;GUACA;6810;CZ MALAGA
930;68;SANTANDER;68320;GUADALUPE;6808;CZ SOCORRO
931;68;SANTANDER;68322;GUAPOTA;6808;CZ SOCORRO
932;68;SANTANDER;68324;GUAVATA;6809;CZ VELEZ
933;68;SANTANDER;68370;JORDAN;6807;CZ SAN GIL
934;68;SANTANDER;68377;LA BELLEZA;6809;CZ VELEZ
935;68;SANTANDER;68385;LANDAZURI;6809;CZ VELEZ
936;68;SANTANDER;68397;LA PAZ;6809;CZ VELEZ
937;68;SANTANDER;68406;LEBRIJA;6801;CZ ANTONIA SANTOS
938;68;SANTANDER;68418;LOS SANTOS;6802;CZ BUCARAMANGA SUR
939;68;SANTANDER;68425;MACARAVITA;6810;CZ MALAGA
940;68;SANTANDER;68432;MALAGA;6810;CZ MALAGA
941;68;SANTANDER;68444;MATANZA;6801;CZ ANTONIA SANTOS
942;68;SANTANDER;68464;MOGOTES;6807;CZ SAN GIL
943;68;SANTANDER;68468;MOLAGAVITA;6810;CZ MALAGA
944;68;SANTANDER;68498;OCAMONTE;6807;CZ SAN GIL
945;68;SANTANDER;68500;OIBA;6808;CZ SOCORRO
946;68;SANTANDER;68502;ONZAGA;6807;CZ SAN GIL
947;68;SANTANDER;68522;PALMAR;6808;CZ SOCORRO
948;68;SANTANDER;68524;PALMAS DEL SOCORRO;6808;CZ SOCORRO
949;68;SANTANDER;68533;PARAMO;6807;CZ SAN GIL
950;68;SANTANDER;68547;PIEDECUESTA;6802;CZ BUCARAMANGA SUR
951;70;SUCRE;70670;SAMPUES;7001;CZ BOSTON
952;68;SANTANDER;68549;PINCHOTE;6807;CZ SAN GIL
953;68;SANTANDER;68572;PUENTE NACIONAL;6809;CZ VELEZ
954;68;SANTANDER;68573;PUERTO PARRA;6805;CZ YARIQUIES
955;68;SANTANDER;68575;PUERTO WILCHES;6805;CZ YARIQUIES
956;68;SANTANDER;68615;RIONEGRO;6801;CZ ANTONIA SANTOS
957;68;SANTANDER;68655;SABANA DE TORRES;6805;CZ YARIQUIES
958;68;SANTANDER;68669;SAN ANDRES;6810;CZ MALAGA
959;68;SANTANDER;68673;SAN BENITO;6809;CZ VELEZ
960;68;SANTANDER;68679;SAN GIL;6807;CZ SAN GIL
961;68;SANTANDER;68682;SAN JOAQUIN;6807;CZ SAN GIL
962;68;SANTANDER;68684;SAN JOSE DE MIRANDA;6810;CZ MALAGA
963;68;SANTANDER;68686;SAN MIGUEL;6810;CZ MALAGA
964;68;SANTANDER;68689;SAN VICENTE DE CHUCURI;6801;CZ ANTONIA SANTOS
965;68;SANTANDER;68705;SANTA BARBARA;6802;CZ BUCARAMANGA SUR
966;68;SANTANDER;68720;SANTA HELENA DEL OPON;6809;CZ VELEZ
967;68;SANTANDER;68745;SIMACOTA;6808;CZ SOCORRO
968;68;SANTANDER;68755;SOCORRO;6808;CZ SOCORRO
969;68;SANTANDER;68770;SUAITA;6808;CZ SOCORRO
970;68;SANTANDER;68773;SUCRE;6809;CZ VELEZ
971;68;SANTANDER;68780;SURATA;6801;CZ ANTONIA SANTOS
972;68;SANTANDER;68820;TONA;6802;CZ BUCARAMANGA SUR
973;68;SANTANDER;68855;VALLE DE SAN JOSE;6807;CZ SAN GIL
974;68;SANTANDER;68861;VELEZ;6809;CZ VELEZ
975;68;SANTANDER;68867;VETAS;6802;CZ BUCARAMANGA SUR
976;68;SANTANDER;68872;VILLANUEVA;6807;CZ SAN GIL
977;68;SANTANDER;68895;ZAPATOCA;6802;CZ BUCARAMANGA SUR
978;70;SUCRE;70001;SINCELEJO;7003;CZ SINCELEJO
979;70;SUCRE;70110;BUENAVISTA;7001;CZ BOSTON
980;70;SUCRE;70124;CAIMITO;7002;CZ NORTE
981;70;SUCRE;70204;COLOSO;7002;CZ NORTE
982;70;SUCRE;70215;COROZAL;7001;CZ BOSTON
983;70;SUCRE;70221;COVEÑAS;7002;CZ NORTE
984;70;SUCRE;70230;CHALAN;7002;CZ NORTE
985;70;SUCRE;70233;EL ROBLE;7001;CZ BOSTON
986;70;SUCRE;70235;GALERAS;7001;CZ BOSTON
987;70;SUCRE;70400;LA UNION;7002;CZ NORTE
988;70;SUCRE;70418;LOS PALMITOS;7001;CZ BOSTON
989;70;SUCRE;70429;MAJAGUAL;7004;CZ LA MOJANA
990;70;SUCRE;70473;MORROA;7001;CZ BOSTON
991;70;SUCRE;70508;OVEJAS;7001;CZ BOSTON
992;70;SUCRE;70523;PALMITO;7002;CZ NORTE
993;70;SUCRE;70678;SAN BENITO ABAD;7002;CZ NORTE
994;70;SUCRE;70702;SAN JUAN DE BETULIA;7001;CZ BOSTON
995;70;SUCRE;70708;SAN MARCOS;7002;CZ NORTE
996;70;SUCRE;70713;SAN ONOFRE;7002;CZ NORTE
997;70;SUCRE;70717;SAN PEDRO;7001;CZ BOSTON
998;70;SUCRE;70820;SANTIAGO DE TOLU;7002;CZ NORTE
999;73;TOLIMA;73001;IBAGUE;7303;CZ IBAGUE
1000;73;TOLIMA;73024;ALPUJARRA;7309;CZ PURIFICACION
1001;73;TOLIMA;73026;ALVARADO;7303;CZ IBAGUE
1002;73;TOLIMA;73030;AMBALEMA;7305;CZ LERIDA
1003;73;TOLIMA;73043;ANZOATEGUI;7305;CZ LERIDA
1004;73;TOLIMA;73055;ARMERO;7305;CZ LERIDA
1005;73;TOLIMA;73067;ATACO;7308;CZ CHAPARRAL
1006;73;TOLIMA;73124;CAJAMARCA;7303;CZ IBAGUE
1007;73;TOLIMA;73148;CARMEN DE APICALA;7312;CZ MELGAR
1008;73;TOLIMA;73152;CASABIANCA;7304;CZ LIBANO
1009;73;TOLIMA;73168;CHAPARRAL;7308;CZ CHAPARRAL
1010;73;TOLIMA;73200;COELLO;7307;CZ ESPINAL
1011;73;TOLIMA;73217;COYAIMA;7309;CZ PURIFICACION
1012;73;TOLIMA;73226;CUNDAY;7312;CZ MELGAR
1013;73;TOLIMA;73236;DOLORES;7309;CZ PURIFICACION
1014;73;TOLIMA;73268;ESPINAL;7307;CZ ESPINAL
1015;73;TOLIMA;73270;FALAN;7306;CZ HONDA
1016;73;TOLIMA;73275;FLANDES;7307;CZ ESPINAL
1017;73;TOLIMA;73283;FRESNO;7306;CZ HONDA
1018;73;TOLIMA;73319;GUAMO;7307;CZ ESPINAL
1019;73;TOLIMA;73347;HERVEO;7306;CZ HONDA
1020;73;TOLIMA;73349;HONDA;7306;CZ HONDA
1021;73;TOLIMA;73352;ICONONZO;7312;CZ MELGAR
1022;73;TOLIMA;73408;LERIDA;7305;CZ LERIDA
1023;73;TOLIMA;73411;LIBANO;7304;CZ LIBANO
1024;73;TOLIMA;73443;SAN SEBASTIAN DE MARIQUITA;7306;CZ HONDA
1025;73;TOLIMA;73449;MELGAR;7312;CZ MELGAR
1026;73;TOLIMA;73461;MURILLO;7304;CZ LIBANO
1027;73;TOLIMA;73483;NATAGAIMA;7309;CZ PURIFICACION
1028;73;TOLIMA;73504;ORTEGA;7307;CZ ESPINAL
1029;73;TOLIMA;73520;PALOCABILDO;7306;CZ HONDA
1030;73;TOLIMA;73547;PIEDRAS;7303;CZ IBAGUE
1031;73;TOLIMA;73555;PLANADAS;7308;CZ CHAPARRAL
1032;73;TOLIMA;73563;PRADO;7309;CZ PURIFICACION
1033;73;TOLIMA;73585;PURIFICACION;7309;CZ PURIFICACION
1034;73;TOLIMA;73616;RIOBLANCO;7308;CZ CHAPARRAL
1035;73;TOLIMA;73622;RONCESVALLES;7303;CZ IBAGUE
1036;73;TOLIMA;73624;ROVIRA;7303;CZ IBAGUE
1037;73;TOLIMA;73671;SALDAÑA;7309;CZ PURIFICACION
1038;73;TOLIMA;73675;SAN ANTONIO;7308;CZ CHAPARRAL
1039;73;TOLIMA;73678;SAN LUIS;7303;CZ IBAGUE
1040;73;TOLIMA;73686;SANTA ISABEL;7305;CZ LERIDA
1041;73;TOLIMA;73770;SUAREZ;7307;CZ ESPINAL
1042;73;TOLIMA;73854;VALLE DE SAN JUAN;7303;CZ IBAGUE
1043;73;TOLIMA;73861;VENADILLO;7305;CZ LERIDA
1044;73;TOLIMA;73870;VILLAHERMOSA;7304;CZ LIBANO
1045;73;TOLIMA;73873;VILLARRICA;7312;CZ MELGAR
1046;76;VALLE DEL CAUCA;76001;CALI;7601;CZ SURORIENTAL
1047;76;VALLE DEL CAUCA;76001;CALI;7602;CZ NORORIENTAL
1048;76;VALLE DEL CAUCA;76001;CALI;7605;CZ SUR
1049;76;VALLE DEL CAUCA;76020;ALCALA;7613;CZ CARTAGO
1050;76;VALLE DEL CAUCA;76036;ANDALUCIA;7610;CZ TULUA
1051;76;VALLE DEL CAUCA;76041;ANSERMANUEVO;7613;CZ CARTAGO
1052;76;VALLE DEL CAUCA;76054;ARGELIA;7613;CZ CARTAGO
1053;76;VALLE DEL CAUCA;76100;BOLIVAR;7612;CZ ROLDANILLO
1054;76;VALLE DEL CAUCA;76109;BUENAVENTURA;7614;CZ BUENAVENTURA
1055;97;VAUPÉS;97889;YAVARATE;9704;CZ MITU
1056;76;VALLE DEL CAUCA;76111;GUADALAJARA DE BUGA;7609;CZ BUGA
1057;76;VALLE DEL CAUCA;76113;BUGALAGRANDE;7610;CZ TULUA
1058;76;VALLE DEL CAUCA;76122;CAICEDONIA;7611;CZ SEVILLA
1059;76;VALLE DEL CAUCA;76126;CALIMA;7609;CZ BUGA
1060;76;VALLE DEL CAUCA;76130;CANDELARIA;7608;CZ PALMIRA
1061;76;VALLE DEL CAUCA;76147;CARTAGO;7613;CZ CARTAGO
1062;76;VALLE DEL CAUCA;76233;DAGUA;7603;CZ LADERA
1063;76;VALLE DEL CAUCA;76243;EL ÁGUILA;7613;CZ CARTAGO
1064;76;VALLE DEL CAUCA;76246;EL CAIRO;7613;CZ CARTAGO
1065;76;VALLE DEL CAUCA;76248;EL CERRITO;7608;CZ PALMIRA
1066;76;VALLE DEL CAUCA;76275;FLORIDA;7608;CZ PALMIRA
1067;76;VALLE DEL CAUCA;76306;GINEBRA;7608;CZ PALMIRA
1068;76;VALLE DEL CAUCA;76318;GUACARI;7609;CZ BUGA
1069;76;VALLE DEL CAUCA;76364;JAMUNDI;7606;CZ JAMUNDI
1070;76;VALLE DEL CAUCA;76377;LA CUMBRE;7607;CZ YUMBO
1071;76;VALLE DEL CAUCA;76400;LA UNION;7612;CZ ROLDANILLO
1072;76;VALLE DEL CAUCA;76403;LA VICTORIA;7613;CZ CARTAGO
1073;76;VALLE DEL CAUCA;76497;OBANDO;7613;CZ CARTAGO
1074;95;GUAVIARE;95001;SAN JOSE DEL GUAVIARE;9505;CZ SAN JOSE DE GUAVIARE
1075;76;VALLE DEL CAUCA;76520;PALMIRA;7608;CZ PALMIRA
1076;76;VALLE DEL CAUCA;76563;PRADERA;7608;CZ PALMIRA
1077;76;VALLE DEL CAUCA;76606;RESTREPO;7609;CZ BUGA
1078;76;VALLE DEL CAUCA;76616;RIOFRIO;7610;CZ TULUA
1079;76;VALLE DEL CAUCA;76622;ROLDANILLO;7612;CZ ROLDANILLO
1080;76;VALLE DEL CAUCA;76670;SAN PEDRO;7609;CZ BUGA
1081;76;VALLE DEL CAUCA;76736;SEVILLA;7611;CZ SEVILLA
1082;76;VALLE DEL CAUCA;76823;TORO;7612;CZ ROLDANILLO
1083;76;VALLE DEL CAUCA;76828;TRUJILLO;7610;CZ TULUA
1084;76;VALLE DEL CAUCA;76845;ULLOA;7613;CZ CARTAGO
1085;76;VALLE DEL CAUCA;76863;VERSALLES;7612;CZ ROLDANILLO
1086;76;VALLE DEL CAUCA;76869;VIJES;7607;CZ YUMBO
1087;76;VALLE DEL CAUCA;76890;YOTOCO;7609;CZ BUGA
1088;76;VALLE DEL CAUCA;76892;YUMBO;7607;CZ YUMBO
1089;76;VALLE DEL CAUCA;76895;ZARZAL;7612;CZ ROLDANILLO
1090;81;ARAUCA;81001;ARAUCA;8101;CZ ARAUCA
1091;81;ARAUCA;81065;ARAUQUITA;8102;CZ SARAVENA
1092;81;ARAUCA;81220;CRAVO NORTE;8101;CZ ARAUCA
1093;81;ARAUCA;81300;FORTUL;8102;CZ SARAVENA
1094;81;ARAUCA;81591;PUERTO RONDON;8103;CZ TAME
1095;81;ARAUCA;81736;SARAVENA;8102;CZ SARAVENA
1096;81;ARAUCA;81794;TAME;8103;CZ TAME
1097;85;CASANARE;85001;YOPAL;8501;CZ YOPAL
1098;85;CASANARE;85010;AGUAZUL;8501;CZ YOPAL
1099;85;CASANARE;85015;CHAMEZA;8501;CZ YOPAL
1100;85;CASANARE;85125;HATO COROZAL;8502;CZ PAZ DE ARIPORO
1101;85;CASANARE;85136;LA SALINA;8502;CZ PAZ DE ARIPORO
1102;85;CASANARE;85139;MANI;8501;CZ YOPAL
1103;85;CASANARE;85162;MONTERREY;8503;CZ VILLANUEVA
1104;85;CASANARE;85225;NUNCHIA;8501;CZ YOPAL
1105;85;CASANARE;85230;OROCUE;8501;CZ YOPAL
1106;85;CASANARE;85250;PAZ DE ARIPORO;8502;CZ PAZ DE ARIPORO
1107;85;CASANARE;85263;PORE;8502;CZ PAZ DE ARIPORO
1108;85;CASANARE;85279;RECETOR;8501;CZ YOPAL
1109;85;CASANARE;85300;SABANALARGA;8503;CZ VILLANUEVA
1110;85;CASANARE;85315;SACAMA;8502;CZ PAZ DE ARIPORO
1111;85;CASANARE;85325;SAN LUIS DE PALENQUE;8501;CZ YOPAL
1112;85;CASANARE;85400;TAMARA;8502;CZ PAZ DE ARIPORO
1113;85;CASANARE;85410;TAURAMENA;8503;CZ VILLANUEVA
1114;85;CASANARE;85430;TRINIDAD;8502;CZ PAZ DE ARIPORO
1115;85;CASANARE;85440;VILLANUEVA;8503;CZ VILLANUEVA
1116;86;PUTUMAYO;86219;COLON;8602;CZ SIBUNDOY
1117;86;PUTUMAYO;86320;ORITO;8604;CZ LA HORMIGA
1118;86;PUTUMAYO;86569;PUERTO CAICEDO;8603;CZ PUERTO ASIS
1119;86;PUTUMAYO;86571;PUERTO GUZMAN;8601;CZ MOCOA
1120;86;PUTUMAYO;86573;PUERTO LEGUIZAMO;8603;CZ PUERTO ASIS
1121;86;PUTUMAYO;86749;SIBUNDOY;8602;CZ SIBUNDOY
1122;86;PUTUMAYO;86755;SAN FRANCISCO;8602;CZ SIBUNDOY
1123;86;PUTUMAYO;86757;SAN MIGUEL;8604;CZ LA HORMIGA
1124;86;PUTUMAYO;86760;SANTIAGO;8602;CZ SIBUNDOY
1125;86;PUTUMAYO;86865;VALLE DEL GUAMUEZ;8604;CZ LA HORMIGA
1126;86;PUTUMAYO;86885;VILLAGARZON;8601;CZ MOCOA
1127;88;SAN ANDRÉS;88001;SAN ANDRES;8801;CZ LOS ALMENDROS
1128;88;SAN ANDRÉS;88564;PROVIDENCIA;8801;CZ LOS ALMENDROS
1129;91;AMAZONAS;91001;LETICIA;9102;CZ LETICIA
1130;91;AMAZONAS;91263;EL ENCANTO;9102;CZ LETICIA
1131;91;AMAZONAS;91405;LA CHORRERA;9102;CZ LETICIA
1132;91;AMAZONAS;91407;LA PEDRERA;9102;CZ LETICIA
1133;91;AMAZONAS;91460;MIRITI - PARANA;9102;CZ LETICIA
1134;91;AMAZONAS;91530;PUERTO ALEGRIA;9102;CZ LETICIA
1135;91;AMAZONAS;91536;PUERTO ARICA;9102;CZ LETICIA
1136;91;AMAZONAS;91540;PUERTO NARIÑO;9102;CZ LETICIA
1137;91;AMAZONAS;91669;PUERTO SANTANDER;9102;CZ LETICIA
1138;91;AMAZONAS;91798;TARAPACA;9102;CZ LETICIA
1139;94;GUAINÍA;94001;INIRIDA;9403;CZ INIRIDA
1140;94;GUAINÍA;94343;BARRANCO MINAS;9403;CZ INIRIDA
1141;95;GUAVIARE;95015;CALAMAR;9505;CZ SAN JOSE DE GUAVIARE
1142;95;GUAVIARE;95025;EL RETORNO;9505;CZ SAN JOSE DE GUAVIARE
1143;95;GUAVIARE;95200;MIRAFLORES;9505;CZ SAN JOSE DE GUAVIARE
1144;97;VAUPÉS;97001;MITU;9704;CZ MITU
1145;97;VAUPÉS;97161;CARURU;9704;CZ MITU
1146;97;VAUPÉS;97511;PACOA;9704;CZ MITU
1147;97;VAUPÉS;97666;TARAIRA;9704;CZ MITU
1148;99;VICHADA;99001;PUERTO CARREÑO;9902;CZ PUERTO CARREÑO
1149;99;VICHADA;99524;LA PRIMAVERA;9902;CZ PUERTO CARREÑO
1150;99;VICHADA;99624;SANTA ROSALIA;9902;CZ PUERTO CARREÑO
1151;99;VICHADA;99773;CUMARIBO;9403;CZ INIRIDA
1152;99;VICHADA;99773;CUMARIBO;9902;CZ PUERTO CARREÑO
